Date,Longitude,Latitude,Year,Month,Season,Elevation (m),FIRE_SIZE_HA
2017-04-03,-123.0,51.9,2017,4,Spring,1090.0,0.009
2017-04-04,-123.3,52.1,2017,4,Spring,791.0,1.94
2017-04-04,-117.0,51.3,2017,4,Spring,778.95,0.009
2017-04-05,-120.2,53.3,2017,4,Spring,716.0,0.9
2017-04-09,-123.0,51.9,2017,4,Spring,1090.0,0.266
2017-04-20,-122.6,55.4,2017,4,Spring,1400.0,0.009
2017-04-20,-120.9,49.8,2017,4,Spring,1060.0,0.009
2017-04-21,-122.6,53.4,2017,4,Spring,615.0,0.0
2017-04-22,-127.6,55.4,2017,4,Spring,335.0,7.8
2017-04-29,-121.4,56.2,2017,4,Spring,480.0,3.2
2017-04-30,-123.3,52.1,2017,4,Spring,791.0,0.0
2017-05-02,-119.6,49.9,2017,5,Spring,650.0,0.0
2017-05-03,-120.8,55.8,2017,5,Spring,760.0,0.4
2017-05-03,-119.4,49.1,2017,5,Spring,1067.0,0.0
2017-05-09,-123.6,48.6,2017,5,Spring,138.0,0.0
2017-05-14,-117.7,49.3,2017,5,Spring,449.0,0.009
2017-05-15,-130.0,57.9,2017,5,Spring,890.0,0.009
2017-05-16,-115.7,49.9,2017,5,Spring,853.0,0.009
2017-05-19,-116.1,50.5,2017,5,Spring,894.0,0.3
2017-05-19,-115.6,49.8,2017,5,Spring,929.6,0.009
2017-05-22,-119.4,51.3,2017,5,Spring,884.0,0.009
2017-05-22,-117.2,50.0,2017,5,Spring,1080.0,0.1
2017-05-22,-116.1,50.5,2017,5,Spring,894.0,0.0
2017-05-23,-119.4,50.0,2017,5,Spring,478.5,0.009
2017-05-23,-119.3,52.1,2017,5,Spring,688.9,0.0
2017-05-24,-125.5,54.2,2017,5,Spring,719.0,0.09
2017-05-25,-124.1,48.8,2017,5,Spring,190.5,0.009
2017-05-25,-124.0,49.2,2017,5,Spring,114.0,0.0
2017-05-25,-119.5,50.2,2017,5,Spring,670.0,0.009
2017-05-26,-123.5,48.6,2017,5,Spring,340.0,0.1
2017-05-27,-131.1,57.9,2017,5,Spring,290.0,0.2
2017-05-27,-128.3,54.7,2017,5,Spring,130.0,0.009
2017-05-27,-115.2,49.3,2017,5,Spring,775.0,0.009
2017-05-28,-121.6,49.1,2017,5,Spring,247.0,0.0
2017-05-28,-121.6,49.2,2017,5,Spring,1400.0,0.0
2017-05-30,-127.2,54.8,2017,5,Spring,508.4,0.009
2017-05-31,-127.2,54.8,2017,5,Spring,508.4,0.018
2017-05-31,-124.7,48.9,2017,5,Spring,14.9,0.0
2017-06-01,-121.4,56.2,2017,6,Summer,480.0,0.009
2017-06-01,-116.0,50.1,2017,6,Summer,1190.0,0.2
2017-06-02,-120.9,56.2,2017,6,Summer,704.0227381920964,0.0
2017-06-04,-121.6,55.7,2017,6,Summer,609.6,0.009
2017-06-05,-117.2,49.6,2017,6,Summer,570.0,0.009
2017-06-06,-121.9,52.1,2017,6,Summer,945.0,0.009
2017-06-07,-120.5,55.8,2017,6,Summer,665.0,0.009
2017-06-08,-129.1,59.4,2017,6,Summer,730.0,0.0
2017-06-08,-123.6,48.6,2017,6,Summer,138.0,0.0
2017-06-08,-120.7,50.1,2017,6,Summer,640.0,0.009
2017-06-08,-118.0,49.3,2017,6,Summer,1397.0,1.64
2017-06-08,-115.2,49.7,2017,6,Summer,1051.0,34.14
2017-06-09,-124.0,54.0,2017,6,Summer,638.0,0.0
2017-06-13,-119.5,49.9,2017,6,Summer,347.0,2.0
2017-06-14,-120.6,50.6,2017,6,Summer,1829.0,0.0
2017-06-16,-121.4,49.4,2017,6,Summer,236.0,0.0
2017-06-21,-123.5,48.6,2017,6,Summer,340.0,0.009
2017-06-22,-122.1,52.1,2017,6,Summer,578.0,0.1
2017-06-22,-119.3,50.2,2017,6,Summer,570.0,0.009
2017-06-23,-124.6,49.4,2017,6,Summer,61.3,0.0
2017-06-24,-124.6,49.2,2017,6,Summer,1459.0,14.9
2017-06-25,-123.9,49.5,2017,6,Summer,6.1,0.0
2017-06-25,-123.8,54.2,2017,6,Summer,850.0,3.7
2017-06-25,-121.6,55.7,2017,6,Summer,609.6,0.009
2017-06-25,-120.3,50.3,2017,6,Summer,1311.0,0.009
2017-06-26,-123.7,48.8,2017,6,Summer,38.85,0.0
2017-06-26,-122.9,52.0,2017,6,Summer,1252.0,41.8
2017-06-26,-120.9,52.9,2017,6,Summer,1108.0,1.0
2017-06-26,-119.8,53.1,2017,6,Summer,890.205,0.2
2017-06-26,-119.6,49.5,2017,6,Summer,427.0,0.009
2017-06-27,-117.7,49.3,2017,6,Summer,449.0,0.0
2017-06-28,-116.0,49.6,2017,6,Summer,889.0,0.25
2017-06-30,-121.9,52.1,2017,6,Summer,945.0,0.9
2017-06-30,-120.5,50.7,2017,6,Summer,780.0,0.2
2017-07-01,-126.5,54.0,2017,7,Summer,747.0,0.009
2017-07-01,-116.2,50.7,2017,7,Summer,870.0,0.01
2017-07-01,-114.9,50.1,2017,7,Summer,1647.0,0.009
2017-07-02,-126.4,54.0,2017,7,Summer,1259.0,0.009
2017-07-02,-123.3,49.4,2017,7,Summer,140.0,0.009
2017-07-02,-119.2,50.0,2017,7,Summer,1395.0,0.009
2017-07-02,-118.2,49.0,2017,7,Summer,510.0,0.009
2017-07-02,-117.8,50.7,2017,7,Summer,1570.0,0.009
2017-07-02,-117.7,49.1,2017,7,Summer,513.0,0.076
2017-07-02,-117.5,50.6,2017,7,Summer,991.0,0.009
2017-07-02,-115.3,50.2,2017,7,Summer,1357.0,0.009
2017-07-03,-125.9,53.9,2017,7,Summer,944.0,0.009
2017-07-03,-121.6,49.1,2017,7,Summer,247.0,0.0
2017-07-03,-121.6,49.2,2017,7,Summer,1400.0,0.0
2017-07-03,-121.4,49.4,2017,7,Summer,236.0,0.009
2017-07-03,-121.1,49.6,2017,7,Summer,1230.0,0.009
2017-07-03,-120.5,50.7,2017,7,Summer,780.0,3.0
2017-07-03,-116.1,50.5,2017,7,Summer,894.0,0.009
2017-07-04,-123.7,48.5,2017,7,Summer,180.0,0.0
2017-07-04,-120.5,49.4,2017,7,Summer,855.0,0.009
2017-07-04,-117.5,51.7,2017,7,Summer,1000.0,0.009
2017-07-04,-116.0,50.1,2017,7,Summer,1190.0,0.009
2017-07-05,-123.8,48.5,2017,7,Summer,512.0699999999999,0.1
2017-07-05,-123.6,48.6,2017,7,Summer,138.0,0.009
2017-07-05,-123.1,50.1,2017,7,Summer,688.0,0.0
2017-07-06,-125.2,50.1,2017,7,Summer,17.0,0.0
2017-07-06,-121.4,51.7,2017,7,Summer,1028.45,5711.0
2017-07-06,-121.2,51.5,2017,7,Summer,1158.0,0.0
2017-07-06,-120.1,51.1,2017,7,Summer,390.0,0.0
2017-07-07,-126.6,54.4,2017,7,Summer,601.0,0.0
2017-07-07,-124.5,53.4,2017,7,Summer,1123.675,1.5
2017-07-07,-124.4,53.4,2017,7,Summer,1000.0,0.5
2017-07-07,-123.5,49.5,2017,7,Summer,3.0,0.0
2017-07-07,-123.1,53.8,2017,7,Summer,715.0,0.0
2017-07-07,-123.1,54.7,2017,7,Summer,915.0,0.2
2017-07-07,-122.7,53.9,2017,7,Summer,588.0,0.009
2017-07-07,-122.7,54.5,2017,7,Summer,739.0,0.0
2017-07-07,-122.6,55.4,2017,7,Summer,1400.0,0.0
2017-07-07,-122.4,53.2,2017,7,Summer,855.0,0.0
2017-07-07,-121.8,53.3,2017,7,Summer,1355.0,0.5
2017-07-07,-121.7,52.5,2017,7,Summer,1081.0,0.0
2017-07-07,-120.5,50.5,2017,7,Summer,1300.0,0.0
2017-07-07,-120.2,51.4,2017,7,Summer,680.0,60.0
2017-07-07,-119.3,52.0,2017,7,Summer,2164.0,0.67
2017-07-07,-118.6,51.6,2017,7,Summer,650.0,0.005
2017-07-08,-121.6,49.2,2017,7,Summer,1400.0,0.0
2017-07-08,-120.3,50.3,2017,7,Summer,1311.0,0.0
2017-07-08,-116.1,50.5,2017,7,Summer,894.0,0.009
2017-07-09,-121.6,49.2,2017,7,Summer,1400.0,0.0
2017-07-09,-119.2,50.7,2017,7,Summer,527.0,0.009
2017-07-09,-117.2,49.6,2017,7,Summer,570.0,0.009
2017-07-10,-131.1,57.9,2017,7,Summer,290.0,0.009
2017-07-10,-118.1,49.7,2017,7,Summer,1432.0,0.01
2017-07-10,-117.8,50.7,2017,7,Summer,1570.0,0.009
2017-07-10,-117.6,49.0,2017,7,Summer,418.0,2.0
2017-07-10,-117.5,51.5,2017,7,Summer,780.0,0.04
2017-07-10,-117.5,51.7,2017,7,Summer,1000.0,0.009
2017-07-10,-117.2,49.6,2017,7,Summer,570.0,0.1
2017-07-10,-117.1,51.4,2017,7,Summer,861.0,0.009
2017-07-10,-117.0,50.2,2017,7,Summer,822.8,0.005
2017-07-10,-116.8,51.1,2017,7,Summer,1300.0,0.009
2017-07-11,-120.2,50.6,2017,7,Summer,640.0,0.0
2017-07-11,-119.3,50.2,2017,7,Summer,570.0,0.0
2017-07-12,-124.5,53.4,2017,7,Summer,1123.675,0.009
2017-07-12,-123.6,48.4,2017,7,Summer,288.0,0.009
2017-07-12,-121.4,49.4,2017,7,Summer,236.0,0.0
2017-07-12,-118.8,50.9,2017,7,Summer,335.0,0.009
2017-07-14,-122.7,53.9,2017,7,Summer,588.0,0.0
2017-07-14,-120.1,51.6,2017,7,Summer,396.0,0.0
2017-07-15,-120.5,50.7,2017,7,Summer,780.0,0.0
2017-07-15,-119.4,50.0,2017,7,Summer,501.0,55.0
2017-07-15,-119.1,49.8,2017,7,Summer,1300.0,0.009
2017-07-16,-121.7,51.4,2017,7,Summer,1070.0,0.0
2017-07-16,-120.1,51.1,2017,7,Summer,390.0,0.009
2017-07-16,-120.1,51.6,2017,7,Summer,396.0,0.009
2017-07-16,-119.1,50.4,2017,7,Summer,1572.0,0.0
2017-07-16,-118.3,51.5,2017,7,Summer,757.0,0.2
2017-07-16,-116.1,50.5,2017,7,Summer,894.0,0.02
2017-07-18,-119.5,50.2,2017,7,Summer,670.0,0.009
2017-07-19,-121.7,51.4,2017,7,Summer,1070.0,0.9
2017-07-19,-121.4,49.4,2017,7,Summer,236.0,0.0
2017-07-19,-120.2,50.6,2017,7,Summer,640.0,0.009
2017-07-19,-119.7,50.5,2017,7,Summer,1153.0,0.11
2017-07-19,-119.6,50.8,2017,7,Summer,640.0,0.8
2017-07-19,-118.8,50.7,2017,7,Summer,751.0,0.9
2017-07-20,-121.9,50.7,2017,7,Summer,390.0,1.0
2017-07-20,-120.2,50.6,2017,7,Summer,640.0,0.009
2017-07-20,-119.6,49.5,2017,7,Summer,427.0,0.5
2017-07-20,-119.4,51.3,2017,7,Summer,884.0,0.1
2017-07-20,-118.1,49.2,2017,7,Summer,1552.5,0.003
2017-07-20,-118.1,49.7,2017,7,Summer,1432.0,0.01
2017-07-20,-117.9,51.9,2017,7,Summer,770.0,1.5
2017-07-20,-117.8,50.7,2017,7,Summer,1570.0,0.04
2017-07-20,-117.5,50.6,2017,7,Summer,991.0,0.309
2017-07-20,-117.0,50.6,2017,7,Summer,590.0,0.25
2017-07-20,-116.2,50.8,2017,7,Summer,930.0,0.009
2017-07-21,-120.5,53.4,2017,7,Summer,850.0,0.0
2017-07-22,-122.9,54.9,2017,7,Summer,710.0,0.0
2017-07-23,-124.4,53.4,2017,7,Summer,1000.0,0.0
2017-07-23,-120.8,50.9,2017,7,Summer,1162.0,0.2
2017-07-23,-119.6,50.9,2017,7,Summer,366.0,0.0
2017-07-23,-118.8,50.4,2017,7,Summer,488.0,0.009
2017-07-23,-118.2,51.0,2017,7,Summer,1442.0,0.02
2017-07-25,-124.7,49.4,2017,7,Summer,184.0,0.009
2017-07-25,-121.6,49.2,2017,7,Summer,1400.0,0.009
2017-07-26,-117.4,49.5,2017,7,Summer,779.0,0.1
2017-07-27,-122.5,53.0,2017,7,Summer,494.0,0.009
2017-07-28,-118.8,50.4,2017,7,Summer,488.0,0.0
2017-07-28,-118.8,50.9,2017,7,Summer,335.0,0.009
2017-07-28,-118.6,52.1,2017,7,Summer,574.55,0.0
2017-07-29,-121.7,55.4,2017,7,Summer,665.0,0.0
2017-07-29,-119.6,49.5,2017,7,Summer,427.0,0.009
2017-07-29,-119.6,49.6,2017,7,Summer,454.2,0.2
2017-07-29,-116.8,51.3,2017,7,Summer,1140.0,0.009
2017-07-30,-120.5,50.7,2017,7,Summer,780.0,0.0
2017-07-30,-119.5,49.9,2017,7,Summer,347.0,0.7
2017-07-30,-115.8,50.0,2017,7,Summer,870.0,1032.5
2017-07-31,-119.8,51.6,2017,7,Summer,445.0,0.0
2017-07-31,-117.4,49.1,2017,7,Summer,813.0,0.0
2017-08-02,-125.1,50.3,2017,8,Summer,132.0,0.0
2017-08-02,-122.5,53.0,2017,8,Summer,494.0,0.2
2017-08-02,-117.8,51.8,2017,8,Summer,2438.0,0.001
2017-08-02,-117.2,49.6,2017,8,Summer,570.0,0.009
2017-08-03,-124.8,49.2,2017,8,Summer,163.0,0.009
2017-08-03,-119.7,49.8,2017,8,Summer,345.0,0.009
2017-08-03,-119.6,49.5,2017,8,Summer,427.0,0.26
2017-08-04,-125.5,54.2,2017,8,Summer,719.0,0.0
2017-08-04,-124.8,49.3,2017,8,Summer,21.0,0.1
2017-08-04,-124.6,49.4,2017,8,Summer,61.3,0.009
2017-08-04,-122.5,53.0,2017,8,Summer,494.0,0.9
2017-08-04,-122.1,52.2,2017,8,Summer,940.0,0.009
2017-08-05,-119.2,53.0,2017,8,Summer,944.0,0.0
2017-08-05,-115.7,49.9,2017,8,Summer,853.0,0.09
2017-08-07,-121.8,56.7,2017,8,Summer,938.5,0.0
2017-08-07,-118.6,49.4,2017,8,Summer,1338.0,0.11
2017-08-07,-115.8,49.2,2017,8,Summer,1930.0,0.009
2017-08-07,-115.8,49.3,2017,8,Summer,975.0,0.025
2017-08-07,-115.6,49.6,2017,8,Summer,770.0,0.9
2017-08-07,-115.3,50.2,2017,8,Summer,1357.0,26399.01
2017-08-07,-114.9,50.1,2017,8,Summer,1647.0,0.009
2017-08-08,-115.2,49.7,2017,8,Summer,1051.0,0.7
2017-08-08,-115.1,49.5,2017,8,Summer,1000.5,0.3
2017-08-09,-124.0,49.6,2017,8,Summer,64.0,0.009
2017-08-09,-115.8,49.3,2017,8,Summer,975.0,0.16
2017-08-11,-124.6,49.4,2017,8,Summer,61.3,0.0
2017-08-12,-119.4,50.0,2017,8,Summer,501.0,0.7
2017-08-12,-117.4,50.0,2017,8,Summer,570.0,3.1
2017-08-12,-117.2,49.6,2017,8,Summer,570.0,80.09
2017-08-13,-128.3,55.0,2017,8,Summer,274.0,0.0
2017-08-13,-122.7,50.9,2017,8,Summer,865.0,0.0
2017-08-13,-116.8,51.3,2017,8,Summer,1140.0,0.009
2017-08-15,-121.6,55.7,2017,8,Summer,609.6,0.4
2017-08-15,-119.6,49.6,2017,8,Summer,454.2,0.4
2017-08-17,-125.3,52.5,2017,8,Summer,1096.0,0.009
2017-08-18,-125.1,49.4,2017,8,Summer,340.0,1.0
2017-08-18,-123.3,53.9,2017,8,Summer,858.0,0.0
2017-08-18,-122.4,53.2,2017,8,Summer,855.0,0.0
2017-08-18,-121.9,50.7,2017,8,Summer,390.0,0.05
2017-08-18,-121.1,49.6,2017,8,Summer,1230.0,0.0
2017-08-18,-120.8,50.6,2017,8,Summer,1204.0,0.0
2017-08-18,-119.6,49.6,2017,8,Summer,454.2,0.2
2017-08-19,-121.9,55.6,2017,8,Summer,1113.0,0.0
2017-08-20,-115.7,50.5,2017,8,Summer,1100.0,0.009
2017-08-21,-120.5,49.4,2017,8,Summer,855.0,0.009
2017-08-21,-117.9,51.9,2017,8,Summer,770.0,213.0
2017-08-23,-125.4,54.2,2017,8,Summer,679.0,0.0
2017-08-23,-122.7,53.8,2017,8,Summer,582.75,0.0
2017-08-23,-121.2,51.5,2017,8,Summer,1158.0,0.0
2017-08-23,-120.2,52.3,2017,8,Summer,975.0,1.5
2017-08-23,-118.8,50.7,2017,8,Summer,751.0,0.45
2017-08-24,-122.1,52.1,2017,8,Summer,578.0,0.009
2017-08-24,-119.6,50.8,2017,8,Summer,640.0,0.009
2017-08-24,-119.0,50.9,2017,8,Summer,1050.0,0.06
2017-08-25,-126.4,50.3,2017,8,Summer,436.0,0.0
2017-08-26,-117.0,51.3,2017,8,Summer,778.95,0.009
2017-08-28,-121.5,50.1,2017,8,Summer,350.0,0.0
2017-08-29,-121.4,49.4,2017,8,Summer,236.0,0.1
2017-08-29,-120.5,50.7,2017,8,Summer,780.0,0.009
2017-08-29,-117.0,51.3,2017,8,Summer,778.95,0.05
2017-08-30,-124.1,48.8,2017,8,Summer,190.5,0.0
2017-08-30,-116.1,50.5,2017,8,Summer,894.0,1.0
2017-08-30,-115.1,49.5,2017,8,Summer,1000.5,0.02
2017-08-31,-117.0,50.6,2017,8,Summer,590.0,0.009
2017-08-31,-116.0,50.8,2017,8,Summer,1132.0,0.0
2017-09-01,-123.5,49.5,2017,9,Fall,3.0,0.009
2017-09-01,-123.1,55.3,2017,9,Fall,690.0,0.009
2017-09-01,-120.7,50.1,2017,9,Fall,640.0,0.0
2017-09-01,-119.6,49.5,2017,9,Fall,427.0,4.0
2017-09-02,-124.8,49.2,2017,9,Fall,163.0,0.0
2017-09-02,-123.6,48.6,2017,9,Fall,138.0,0.0
2017-09-02,-122.4,52.9,2017,9,Fall,659.0,0.009
2017-09-03,-121.4,49.4,2017,9,Fall,236.0,0.0
2017-09-03,-120.9,49.1,2017,9,Fall,1340.0,0.0
2017-09-04,-123.5,49.4,2017,9,Fall,34.0,0.0
2017-09-05,-119.0,50.9,2017,9,Fall,1050.0,0.009
2017-09-07,-125.7,56.4,2017,9,Fall,1005.0,0.009
2017-09-07,-123.3,52.1,2017,9,Fall,791.0,0.009
2017-09-08,-122.1,52.1,2017,9,Fall,578.0,0.0
2017-09-08,-118.8,50.9,2017,9,Fall,335.0,0.0
2017-09-08,-118.2,51.1,2017,9,Fall,680.0,0.009
2017-09-08,-117.4,51.5,2017,9,Fall,1053.0,0.01
2017-09-08,-116.3,50.4,2017,9,Fall,2380.0,1.25
2017-09-09,-122.7,53.9,2017,9,Fall,588.0,0.0
2017-09-09,-118.4,50.9,2017,9,Fall,1165.0,0.8
2017-09-09,-118.2,51.1,2017,9,Fall,680.0,0.002
2017-09-09,-117.8,51.2,2017,9,Fall,1540.0,0.04
2017-09-11,-124.6,49.4,2017,9,Fall,61.3,0.009
2017-09-11,-121.5,49.4,2017,9,Fall,162.0,1.5
2017-09-11,-121.4,49.4,2017,9,Fall,236.0,0.0
2017-09-11,-119.6,49.6,2017,9,Fall,454.2,0.009
2017-09-13,-124.4,49.8,2017,9,Fall,100.0,0.1
2017-09-13,-124.0,49.2,2017,9,Fall,114.0,0.0
2017-09-13,-123.1,50.1,2017,9,Fall,688.0,0.0
2017-09-14,-124.3,54.4,2017,9,Fall,717.9,0.0
2017-09-16,-121.6,49.1,2017,9,Fall,247.0,0.0
2017-09-17,-122.4,49.6,2017,9,Fall,930.0,0.0
2017-09-17,-121.6,49.1,2017,9,Fall,247.0,0.0
2017-09-18,-122.5,53.0,2017,9,Fall,494.0,0.009
2017-09-18,-119.7,49.8,2017,9,Fall,345.0,0.009
2017-09-19,-122.5,53.0,2017,9,Fall,494.0,0.1
2017-09-21,-120.7,50.1,2017,9,Fall,640.0,0.009
2017-09-23,-127.7,50.5,2017,9,Fall,2.5,0.009
2017-09-23,-117.7,49.3,2017,9,Fall,449.0,0.1
2017-09-24,-122.2,50.8,2017,9,Fall,1850.0,0.009
2017-09-25,-120.4,50.6,2017,9,Fall,857.0,0.009
2017-09-26,-120.1,51.1,2017,9,Fall,390.0,0.0
2017-09-26,-118.8,50.9,2017,9,Fall,335.0,0.0
2017-09-27,-124.0,54.1,2017,9,Fall,678.0,0.009
2017-09-27,-122.6,53.4,2017,9,Fall,615.0,0.0
2017-09-27,-119.2,52.7,2017,9,Fall,2210.0,0.0
2017-09-28,-120.9,53.6,2017,9,Fall,866.0,0.0
2017-10-01,-117.8,49.3,2017,10,Fall,435.0,1.5
2017-10-02,-119.7,49.8,2017,10,Fall,345.0,6.0
2017-10-02,-115.7,49.9,2017,10,Fall,853.0,0.01
2017-10-04,-127.6,55.4,2017,10,Fall,335.0,0.009
2017-10-05,-123.0,55.0,2017,10,Fall,675.0,0.009
2017-10-08,-121.4,49.4,2017,10,Fall,236.0,0.0
2017-10-11,-122.9,54.9,2017,10,Fall,710.0,0.009
2017-10-14,-121.4,58.8,2017,10,Fall,584.0,0.2
2017-10-15,-119.7,49.8,2017,10,Fall,345.0,0.009
2017-10-16,-124.6,50.1,2017,10,Fall,91.0,0.009
2017-10-20,-123.9,49.0,2017,10,Fall,100.0,0.009
2017-10-24,-126.4,50.4,2017,10,Fall,510.0,0.009
2017-10-29,-119.7,49.8,2017,10,Fall,345.0,0.009
2017-10-30,-125.1,49.6,2017,10,Fall,137.5,0.0
2017-11-06,-123.4,50.6,2017,11,Fall,545.0,0.9
2017-11-09,-117.8,49.3,2017,11,Fall,435.0,0.5
2018-04-06,-115.6,49.6,2018,4,Spring,770.0,0.009
2018-04-11,-119.6,49.5,2018,4,Spring,427.0,6.0
2018-04-23,-117.0,50.2,2018,4,Spring,822.8,1.4
2018-04-25,-121.4,49.4,2018,4,Spring,236.0,0.8
2018-04-26,-121.5,49.4,2018,4,Spring,162.0,0.0
2018-04-28,-117.0,51.3,2018,4,Spring,778.95,0.009
2018-04-30,-119.3,52.9,2018,4,Spring,792.5,0.5
2018-05-01,-122.7,53.9,2018,5,Spring,588.0,1.0
2018-05-04,-117.7,49.1,2018,5,Spring,513.0,0.218
2018-05-06,-121.6,55.7,2018,5,Spring,609.6,30.0
2018-05-07,-120.8,50.1,2018,5,Spring,606.0,7.8
2018-05-08,-115.5,49.5,2018,5,Spring,856.0,0.0
2018-05-09,-121.4,50.4,2018,5,Spring,383.0,0.018
2018-05-10,-121.4,49.7,2018,5,Spring,630.0,1.2
2018-05-11,-127.4,55.1,2018,5,Spring,385.101,0.8
2018-05-11,-120.7,56.2,2018,5,Spring,480.0,0.0
2018-05-12,-127.1,54.7,2018,5,Spring,510.0,0.009
2018-05-12,-117.7,49.1,2018,5,Spring,513.0,2.56
2018-05-13,-123.5,49.4,2018,5,Spring,34.0,0.018
2018-05-13,-121.9,50.7,2018,5,Spring,390.0,0.018
2018-05-13,-121.6,55.7,2018,5,Spring,609.6,1.7
2018-05-14,-123.2,49.5,2018,5,Spring,1280.0,1.8
2018-05-14,-122.7,53.8,2018,5,Spring,582.75,0.009
2018-05-14,-120.7,56.2,2018,5,Spring,480.0,0.0
2018-05-14,-120.2,50.6,2018,5,Spring,640.0,1.8
2018-05-15,-127.1,54.7,2018,5,Spring,510.0,0.009
2018-05-15,-120.5,55.9,2018,5,Spring,696.0,0.009
2018-05-16,-120.5,55.9,2018,5,Spring,696.0,0.009
2018-05-17,-121.2,49.6,2018,5,Spring,1685.0,0.0
2018-05-19,-126.6,54.4,2018,5,Spring,601.0,0.0
2018-05-19,-123.8,54.2,2018,5,Spring,850.0,630.0
2018-05-19,-120.6,49.5,2018,5,Spring,830.0,0.009
2018-05-20,-123.6,48.6,2018,5,Spring,138.0,0.0
2018-05-20,-122.5,52.0,2018,5,Spring,884.0,0.018
2018-05-20,-118.5,50.4,2018,5,Spring,675.0,0.009
2018-05-20,-115.1,49.5,2018,5,Spring,1000.0,0.009
2018-05-21,-123.4,50.2,2018,5,Spring,1340.0,0.0
2018-05-21,-123.3,50.1,2018,5,Spring,1592.0,0.0
2018-05-21,-121.6,49.2,2018,5,Spring,1400.0,0.0
2018-05-21,-119.3,50.2,2018,5,Spring,570.0,0.009
2018-05-22,-124.8,49.3,2018,5,Spring,21.0,0.6
2018-05-24,-122.1,52.1,2018,5,Spring,578.0,1.0
2018-05-25,-124.2,55.6,2018,5,Spring,1047.0,0.0
2018-05-25,-122.8,54.0,2018,5,Spring,750.0,0.009
2018-05-25,-120.9,56.2,2018,5,Spring,704.0227381920964,0.0
2018-05-25,-119.2,53.0,2018,5,Spring,944.0,0.0
2018-05-26,-123.1,49.8,2018,5,Spring,320.0,0.0
2018-05-26,-122.7,53.9,2018,5,Spring,588.0,0.0
2018-05-28,-127.1,54.7,2018,5,Spring,510.0,0.009
2018-05-28,-123.2,49.7,2018,5,Spring,6.0,0.024
2018-05-29,-125.8,49.1,2018,5,Spring,24.45,0.0
2018-05-31,-127.1,54.7,2018,5,Spring,510.0,0.0
2018-06-02,-121.6,49.1,2018,6,Summer,247.0,0.0
2018-06-02,-115.2,49.3,2018,6,Summer,775.0,0.34
2018-06-03,-115.2,49.7,2018,6,Summer,1051.0,0.009
2018-06-04,-121.4,49.4,2018,6,Summer,236.0,0.0
2018-06-05,-117.0,51.3,2018,6,Summer,778.95,0.0
2018-06-06,-124.8,49.3,2018,6,Summer,21.0,0.0
2018-06-07,-118.6,52.9,2018,6,Summer,1860.0,0.0
2018-06-08,-120.6,49.5,2018,6,Summer,830.0,0.0
2018-06-10,-123.7,48.6,2018,6,Summer,280.0,0.6
2018-06-11,-125.8,54.3,2018,6,Summer,830.0,0.009
2018-06-13,-118.2,51.0,2018,6,Summer,1442.0,0.0
2018-06-14,-125.8,54.3,2018,6,Summer,830.0,0.009
2018-06-15,-123.6,48.4,2018,6,Summer,288.0,3.6
2018-06-16,-128.6,54.1,2018,6,Summer,111.0,0.018
2018-06-16,-123.1,55.3,2018,6,Summer,690.0,93.0
2018-06-16,-121.7,50.4,2018,6,Summer,424.0,0.0
2018-06-17,-123.4,50.2,2018,6,Summer,1340.0,2.8
2018-06-18,-123.0,55.1,2018,6,Summer,718.723,0.2
2018-06-19,-120.7,50.5,2018,6,Summer,1440.0,0.018
2018-06-19,-118.2,51.0,2018,6,Summer,1442.0,1.13
2018-06-20,-127.3,54.7,2018,6,Summer,1320.0,0.2
2018-06-20,-126.3,54.2,2018,6,Summer,1310.0,188.0
2018-06-20,-126.2,55.1,2018,6,Summer,951.0,0.15
2018-06-20,-125.9,53.9,2018,6,Summer,944.0,0.32
2018-06-20,-124.8,53.9,2018,6,Summer,961.0,0.0
2018-06-20,-122.3,52.5,2018,6,Summer,1123.2,0.018
2018-06-20,-122.1,52.1,2018,6,Summer,578.0,0.018
2018-06-20,-121.7,52.2,2018,6,Summer,1040.0,0.018
2018-06-20,-118.0,49.3,2018,6,Summer,1397.0,0.018
2018-06-21,-126.2,55.1,2018,6,Summer,951.0,0.15
2018-06-21,-124.8,53.9,2018,6,Summer,961.0,0.4
2018-06-21,-123.7,48.8,2018,6,Summer,38.85,0.0
2018-06-21,-121.8,52.0,2018,6,Summer,730.0,0.018
2018-06-21,-121.5,50.1,2018,6,Summer,350.0,0.0
2018-06-21,-120.6,49.9,2018,6,Summer,1065.0,0.018
2018-06-21,-120.5,53.4,2018,6,Summer,850.0,0.0
2018-06-21,-120.2,53.3,2018,6,Summer,716.0,0.0
2018-06-22,-120.5,53.4,2018,6,Summer,850.0,0.0
2018-06-23,-123.6,49.4,2018,6,Summer,593.0,0.0
2018-06-23,-121.6,49.1,2018,6,Summer,247.0,0.0
2018-06-24,-121.6,49.1,2018,6,Summer,247.0,0.0
2018-06-24,-120.6,49.5,2018,6,Summer,830.0,0.009
2018-06-25,-125.5,49.1,2018,6,Summer,35.0,0.0
2018-06-25,-120.6,49.5,2018,6,Summer,830.0,0.018
2018-06-25,-117.2,49.6,2018,6,Summer,570.0,0.018
2018-06-26,-124.8,49.3,2018,6,Summer,21.0,0.0
2018-06-28,-119.8,51.6,2018,6,Summer,445.0,0.009
2018-06-29,-115.6,49.6,2018,6,Summer,770.0,0.008
2018-06-30,-118.4,49.5,2018,6,Summer,866.0,0.009
2018-06-30,-115.8,49.9,2018,6,Summer,746.0,0.018
2018-07-01,-121.6,49.1,2018,7,Summer,247.0,0.0
2018-07-01,-117.2,49.6,2018,7,Summer,570.0,0.0
2018-07-01,-115.3,50.2,2018,7,Summer,1357.0,0.009
2018-07-02,-121.6,49.2,2018,7,Summer,1400.0,0.0
2018-07-02,-117.4,50.0,2018,7,Summer,570.0,0.018
2018-07-02,-116.9,50.3,2018,7,Summer,580.0,0.009
2018-07-03,-128.6,54.1,2018,7,Summer,111.0,0.018
2018-07-04,-124.7,49.4,2018,7,Summer,184.0,0.0
2018-07-04,-123.6,48.6,2018,7,Summer,138.0,0.0
2018-07-04,-117.2,49.4,2018,7,Summer,860.0,0.0
2018-07-05,-123.6,48.5,2018,7,Summer,549.5,0.0
2018-07-05,-122.3,49.2,2018,7,Summer,221.0,0.4
2018-07-05,-121.0,52.4,2018,7,Summer,1015.0,0.018
2018-07-05,-119.8,51.6,2018,7,Summer,445.0,0.018
2018-07-06,-130.0,58.4,2018,7,Summer,801.2666666666668,0.0
2018-07-06,-119.3,50.2,2018,7,Summer,570.0,0.018
2018-07-07,-125.8,54.2,2018,7,Summer,652.0,0.02
2018-07-07,-122.0,49.9,2018,7,Summer,1400.0,0.0
2018-07-07,-118.1,51.0,2018,7,Summer,500.0,0.018
2018-07-07,-116.1,50.5,2018,7,Summer,894.0,0.009
2018-07-08,-127.1,54.7,2018,7,Summer,510.0,0.018
2018-07-08,-121.6,49.1,2018,7,Summer,247.0,0.0
2018-07-08,-118.6,51.7,2018,7,Summer,600.0,0.009
2018-07-08,-116.9,50.3,2018,7,Summer,580.0,0.009
2018-07-09,-122.1,52.1,2018,7,Summer,578.0,0.009
2018-07-09,-119.1,49.8,2018,7,Summer,1260.0,0.018
2018-07-09,-117.4,50.0,2018,7,Summer,570.0,0.018
2018-07-09,-116.1,50.5,2018,7,Summer,894.0,0.009
2018-07-10,-115.8,49.7,2018,7,Summer,996.0,1.0
2018-07-13,-128.3,55.0,2018,7,Summer,274.0,12.1
2018-07-13,-117.7,51.2,2018,7,Summer,1789.3333333333333,0.009
2018-07-14,-128.3,55.0,2018,7,Summer,274.0,12.1
2018-07-14,-127.3,54.7,2018,7,Summer,1320.0,0.2
2018-07-14,-125.2,49.8,2018,7,Summer,100.0,0.018
2018-07-14,-123.6,48.6,2018,7,Summer,138.0,0.0
2018-07-14,-117.4,50.0,2018,7,Summer,570.0,0.009
2018-07-14,-115.8,49.7,2018,7,Summer,996.0,0.0
2018-07-14,-115.5,49.2,2018,7,Summer,1372.0,0.009
2018-07-15,-124.8,49.2,2018,7,Summer,163.0,0.0
2018-07-15,-124.0,49.2,2018,7,Summer,114.0,0.0
2018-07-15,-116.3,50.4,2018,7,Summer,2380.0,0.009
2018-07-16,-117.5,50.6,2018,7,Summer,991.0,0.009
2018-07-17,-121.4,52.3,2018,7,Summer,701.0,0.018
2018-07-17,-120.1,53.3,2018,7,Summer,2000.0,0.0
2018-07-17,-119.7,49.8,2018,7,Summer,345.0,2771.618
2018-07-17,-119.6,49.6,2018,7,Summer,454.2,0.418
2018-07-17,-119.6,49.9,2018,7,Summer,650.0,0.227
2018-07-17,-119.3,52.8,2018,7,Summer,929.0,0.3
2018-07-17,-119.1,49.8,2018,7,Summer,1260.0,1.8
2018-07-17,-118.4,50.9,2018,7,Summer,1165.0,0.018
2018-07-17,-116.9,51.3,2018,7,Summer,1642.0,0.8
2018-07-17,-114.9,49.7,2018,7,Summer,1137.7,0.4
2018-07-18,-128.6,54.1,2018,7,Summer,94.0,0.009
2018-07-18,-121.4,50.8,2018,7,Summer,1128.0,0.0
2018-07-18,-119.6,49.6,2018,7,Summer,454.2,15.8
2018-07-18,-119.6,49.9,2018,7,Summer,650.0,0.009
2018-07-18,-116.9,51.3,2018,7,Summer,1642.0,0.24
2018-07-19,-121.8,52.0,2018,7,Summer,730.0,0.0
2018-07-19,-119.2,52.7,2018,7,Summer,2210.0,0.018
2018-07-20,-119.5,49.9,2018,7,Summer,347.0,0.4
2018-07-20,-118.6,50.4,2018,7,Summer,1890.0,0.0
2018-07-20,-118.6,52.1,2018,7,Summer,574.55,0.7
2018-07-21,-117.2,50.0,2018,7,Summer,1080.0,0.009
2018-07-22,-116.3,50.5,2018,7,Summer,1130.0,0.009
2018-07-24,-122.2,50.8,2018,7,Summer,1590.0,0.009
2018-07-24,-117.5,51.7,2018,7,Summer,1000.0,0.009
2018-07-24,-117.2,49.6,2018,7,Summer,570.0,0.4
2018-07-25,-128.6,54.5,2018,7,Summer,69.6,0.009
2018-07-25,-123.8,49.1,2018,7,Summer,23.0,0.64
2018-07-25,-117.1,49.1,2018,7,Summer,2140.0,110.0
2018-07-26,-124.8,49.3,2018,7,Summer,21.0,0.0
2018-07-26,-121.6,50.4,2018,7,Summer,1557.0,0.009
2018-07-26,-116.1,50.5,2018,7,Summer,894.0,0.009
2018-07-26,-115.3,50.2,2018,7,Summer,1357.0,0.02
2018-07-27,-123.1,49.2,2018,7,Summer,1.8,24.6
2018-07-27,-119.5,49.9,2018,7,Summer,347.0,9.6
2018-07-27,-119.3,52.8,2018,7,Summer,929.0,0.018
2018-07-27,-116.1,51.0,2018,7,Summer,2090.0,2668.0
2018-07-27,-115.7,50.5,2018,7,Summer,1100.0,0.009
2018-07-27,-115.3,50.2,2018,7,Summer,1357.0,0.009
2018-07-28,-117.8,49.5,2018,7,Summer,2423.0,14.6
2018-07-28,-117.2,50.0,2018,7,Summer,1080.0,0.009
2018-07-28,-117.1,49.1,2018,7,Summer,2140.0,0.018
2018-07-28,-116.9,51.3,2018,7,Summer,1642.0,0.009
2018-07-29,-127.4,55.1,2018,7,Summer,385.101,0.0
2018-07-29,-123.0,54.0,2018,7,Summer,743.0,0.3
2018-07-29,-122.1,52.1,2018,7,Summer,578.0,0.0
2018-07-29,-121.4,49.8,2018,7,Summer,280.0,0.1
2018-07-29,-120.6,49.9,2018,7,Summer,1065.0,0.009
2018-07-29,-119.3,52.8,2018,7,Summer,929.0,0.009
2018-07-29,-117.7,49.1,2018,7,Summer,513.0,1.8
2018-07-29,-117.1,49.1,2018,7,Summer,2140.0,1406.0
2018-07-29,-115.8,49.3,2018,7,Summer,975.0,0.009
2018-07-30,-122.1,52.1,2018,7,Summer,578.0,0.018
2018-07-30,-119.4,50.5,2018,7,Summer,419.0,0.018
2018-07-30,-119.2,52.7,2018,7,Summer,2210.0,0.0
2018-07-30,-118.6,52.0,2018,7,Summer,822.5,0.62
2018-07-30,-118.4,50.9,2018,7,Summer,1165.0,0.0
2018-07-30,-118.2,51.0,2018,7,Summer,1442.0,0.009
2018-07-30,-116.0,50.1,2018,7,Summer,1190.0,26.0
2018-07-31,-125.8,54.2,2018,7,Summer,652.0,0.0
2018-07-31,-124.9,53.6,2018,7,Summer,860.0,0.08
2018-07-31,-121.5,53.2,2018,7,Summer,1675.0,0.0
2018-07-31,-121.4,51.7,2018,7,Summer,993.9,0.018
2018-07-31,-120.0,49.9,2018,7,Summer,1528.25,0.018
2018-07-31,-119.8,51.6,2018,7,Summer,445.0,75.2
2018-07-31,-119.3,52.8,2018,7,Summer,929.0,1.06
2018-07-31,-119.2,50.7,2018,7,Summer,709.5,0.4
2018-07-31,-118.6,50.4,2018,7,Summer,1890.0,2.209
2018-07-31,-118.6,51.6,2018,7,Summer,650.0,1.7799999999999998
2018-07-31,-118.6,51.7,2018,7,Summer,600.0,0.656
2018-07-31,-118.5,50.4,2018,7,Summer,675.0,788.6
2018-07-31,-118.5,51.7,2018,7,Summer,1333.0,676.02
2018-07-31,-118.4,50.9,2018,7,Summer,1165.0,0.018
2018-07-31,-118.3,51.5,2018,7,Summer,757.0,6.018
2018-07-31,-118.1,51.0,2018,7,Summer,500.0,0.02
2018-07-31,-118.0,50.8,2018,7,Summer,887.0,188.18
2018-08-01,-122.6,53.4,2018,8,Summer,615.0,0.1
2018-08-01,-121.2,51.7,2018,8,Summer,928.0,0.018
2018-08-01,-118.6,52.1,2018,8,Summer,574.55,0.018
2018-08-01,-118.5,51.7,2018,8,Summer,1333.0,0.3
2018-08-01,-116.4,51.0,2018,8,Summer,1300.0,0.018
2018-08-02,-124.1,50.6,2018,8,Summer,1.0,0.018
2018-08-02,-123.3,50.1,2018,8,Summer,1592.0,0.018
2018-08-02,-122.5,50.4,2018,8,Summer,694.0,0.0
2018-08-02,-121.4,51.5,2018,8,Summer,1127.0,0.0
2018-08-02,-120.8,50.1,2018,8,Summer,606.0,7.5
2018-08-02,-120.8,50.9,2018,8,Summer,1162.0,0.0
2018-08-02,-119.2,52.7,2018,8,Summer,2210.0,0.018
2018-08-02,-118.9,51.4,2018,8,Summer,1551.0,0.3
2018-08-02,-118.6,50.4,2018,8,Summer,1890.0,2.2
2018-08-02,-118.6,52.0,2018,8,Summer,822.5,164.0
2018-08-02,-118.4,50.9,2018,8,Summer,1165.0,200.0
2018-08-02,-117.6,50.1,2018,8,Summer,780.0,1248.0
2018-08-02,-117.2,50.8,2018,8,Summer,1376.0,0.2
2018-08-03,-119.6,49.9,2018,8,Summer,650.0,0.0
2018-08-03,-118.6,50.4,2018,8,Summer,1890.0,0.009
2018-08-04,-116.9,49.9,2018,8,Summer,809.5,0.018
2018-08-05,-124.9,53.6,2018,8,Summer,860.0,0.018
2018-08-05,-121.6,49.1,2018,8,Summer,247.0,0.018
2018-08-07,-124.8,49.3,2018,8,Summer,21.0,20.0
2018-08-08,-126.9,50.1,2018,8,Summer,130.0,0.28
2018-08-08,-124.7,49.4,2018,8,Summer,184.0,0.018
2018-08-08,-123.3,49.4,2018,8,Summer,140.0,6.0
2018-08-08,-123.0,50.1,2018,8,Summer,931.95,0.018
2018-08-09,-123.1,49.8,2018,8,Summer,320.0,0.0
2018-08-09,-120.1,53.3,2018,8,Summer,2000.0,0.0
2018-08-09,-119.9,49.4,2018,8,Summer,1750.0,0.009
2018-08-10,-126.9,50.1,2018,8,Summer,130.0,0.6000000000000001
2018-08-10,-125.7,49.7,2018,8,Summer,1490.0,0.2
2018-08-10,-118.9,51.4,2018,8,Summer,1551.0,0.3
2018-08-10,-118.6,50.4,2018,8,Summer,1890.0,22.9
2018-08-11,-124.5,52.7,2018,8,Summer,1666.0,110.0
2018-08-11,-123.5,49.5,2018,8,Summer,3.0,0.018
2018-08-11,-122.3,51.4,2018,8,Summer,1100.0,1.8
2018-08-11,-122.2,50.8,2018,8,Summer,1590.0,0.1
2018-08-11,-120.3,50.3,2018,8,Summer,1311.0,0.0
2018-08-11,-119.6,49.9,2018,8,Summer,650.0,0.2
2018-08-11,-119.5,50.2,2018,8,Summer,670.0,0.04
2018-08-11,-119.3,49.0,2018,8,Summer,1097.0,0.009
2018-08-11,-119.3,52.1,2018,8,Summer,688.9,0.009
2018-08-11,-118.6,50.4,2018,8,Summer,1890.0,22.9
2018-08-11,-118.6,52.1,2018,8,Summer,574.55,0.06
2018-08-11,-118.4,49.5,2018,8,Summer,866.0,830.0
2018-08-11,-118.2,51.1,2018,8,Summer,680.0,0.01
2018-08-11,-118.1,52.0,2018,8,Summer,1200.0,0.06
2018-08-11,-117.9,49.2,2018,8,Summer,1600.0,0.02
2018-08-11,-117.8,51.2,2018,8,Summer,1875.0,0.04
2018-08-11,-117.7,50.4,2018,8,Summer,1800.0,204.0
2018-08-11,-117.6,50.1,2018,8,Summer,780.0,206.6
2018-08-11,-117.5,51.5,2018,8,Summer,780.0,0.036
2018-08-11,-117.2,50.8,2018,8,Summer,1376.0,182.0
2018-08-11,-117.1,51.4,2018,8,Summer,861.0,0.02
2018-08-11,-117.0,50.2,2018,8,Summer,822.8,1.94
2018-08-11,-117.0,51.3,2018,8,Summer,778.95,0.02
2018-08-11,-116.9,51.3,2018,8,Summer,1642.0,0.064
2018-08-11,-116.8,51.1,2018,8,Summer,1300.0,4.0
2018-08-11,-116.8,51.3,2018,8,Summer,1140.0,80.0
2018-08-12,-124.5,52.7,2018,8,Summer,1666.0,110.0
2018-08-12,-120.5,55.8,2018,8,Summer,665.0,0.0
2018-08-12,-119.7,49.1,2018,8,Summer,392.0,4.0
2018-08-12,-118.2,52.2,2018,8,Summer,1957.5,0.2
2018-08-12,-118.0,50.8,2018,8,Summer,887.0,0.3
2018-08-12,-117.2,50.8,2018,8,Summer,1376.0,344.0
2018-08-14,-120.2,49.1,2018,8,Summer,1335.0,88.8
2018-08-15,-122.2,50.8,2018,8,Summer,1590.0,0.1
2018-08-19,-125.8,54.3,2018,8,Summer,830.0,0.009
2018-08-19,-122.7,53.9,2018,8,Summer,588.0,0.0
2018-08-19,-119.7,49.1,2018,8,Summer,392.0,0.009
2018-08-19,-117.9,50.4,2018,8,Summer,790.0,0.009
2018-08-20,-122.6,53.4,2018,8,Summer,615.0,0.1
2018-08-20,-119.8,51.6,2018,8,Summer,445.0,1.2
2018-08-21,-121.2,49.6,2018,8,Summer,1685.0,0.0
2018-08-21,-116.9,49.7,2018,8,Summer,577.5,0.4
2018-08-23,-120.1,51.6,2018,8,Summer,396.0,0.009
2018-08-23,-115.6,49.6,2018,8,Summer,770.0,0.009
2018-08-24,-121.6,49.2,2018,8,Summer,1020.5,0.0
2018-08-24,-120.1,53.3,2018,8,Summer,2000.0,0.0
2018-08-25,-120.1,51.6,2018,8,Summer,396.0,0.009
2018-08-26,-132.1,53.3,2018,8,Summer,100.0,0.0
2018-08-26,-127.2,54.8,2018,8,Summer,897.2666666666668,0.018
2018-08-26,-121.8,52.0,2018,8,Summer,730.0,0.0
2018-08-27,-119.3,52.1,2018,8,Summer,688.9,0.009
2018-08-28,-123.5,48.8,2018,8,Summer,34.0,0.2
2018-08-29,-120.8,50.1,2018,8,Summer,603.0,0.009
2018-08-29,-115.5,49.5,2018,8,Summer,856.0,0.018
2018-08-30,-123.1,50.1,2018,8,Summer,688.0,0.018
2018-08-31,-119.6,49.5,2018,8,Summer,427.0,0.8
2018-08-31,-118.4,50.9,2018,8,Summer,1165.0,1.2
2018-09-01,-124.8,53.9,2018,9,Fall,961.0,0.3
2018-09-01,-115.7,49.9,2018,9,Fall,853.0,0.08
2018-09-02,-123.9,49.5,2018,9,Fall,6.1,0.018
2018-09-02,-122.4,52.9,2018,9,Fall,659.0,0.009
2018-09-02,-121.6,49.1,2018,9,Fall,247.0,0.0
2018-09-02,-116.3,50.4,2018,9,Fall,2380.0,0.009
2018-09-02,-115.2,49.0,2018,9,Fall,804.0,0.009
2018-09-03,-120.0,49.9,2018,9,Fall,1528.25,0.009
2018-09-06,-115.6,49.6,2018,9,Fall,770.0,0.018
2018-09-07,-118.4,51.0,2018,9,Fall,610.0,0.018
2018-09-09,-118.0,49.4,2018,9,Fall,863.0,0.018
2018-09-10,-116.1,50.5,2018,9,Fall,894.0,0.009
2018-09-11,-117.7,49.1,2018,9,Fall,513.0,1.98
2018-09-11,-117.6,49.3,2018,9,Fall,495.0,0.0
2018-09-13,-124.9,49.4,2018,9,Fall,100.0,0.0
2018-09-14,-119.7,49.8,2018,9,Fall,345.0,0.0
2018-09-27,-128.6,54.5,2018,9,Fall,69.6,0.01
2018-09-30,-122.8,54.0,2018,9,Fall,750.0,0.009
2018-10-01,-120.9,56.2,2018,10,Fall,704.0227381920964,0.0
2018-10-03,-122.8,54.0,2018,10,Fall,750.0,0.009
2018-10-06,-125.7,56.4,2018,10,Fall,1005.0,40.0
2018-10-07,-128.6,54.1,2018,10,Fall,94.0,0.09
2018-10-09,-128.6,54.1,2018,10,Fall,94.0,0.09
2018-10-11,-120.5,55.8,2018,10,Fall,665.0,0.009
2018-10-14,-121.8,49.2,2018,10,Fall,15.0,0.0
2018-10-15,-117.7,49.1,2018,10,Fall,513.0,0.1
2018-10-16,-121.5,50.0,2018,10,Fall,270.0,0.0
2018-10-16,-115.6,49.5,2018,10,Fall,2262.0,0.009
2018-10-18,-120.6,52.0,2018,10,Fall,1170.0,1.0
2018-10-19,-123.9,49.5,2018,10,Fall,6.1,0.0
2018-10-23,-115.3,50.2,2018,10,Fall,1357.0,0.3
2018-10-24,-126.4,50.4,2018,10,Fall,510.0,30.0
2018-10-24,-123.9,49.5,2018,10,Fall,6.1,0.018
2019-01-15,-120.9,56.2,2019,1,Winter,629.3362085136757,0.4
2019-01-31,-124.0,54.1,2019,1,Winter,678.0,0.018
2019-03-13,-121.9,50.7,2019,3,Spring,402.0,0.5
2019-03-18,-120.5,50.7,2019,3,Spring,780.0,3.6
2019-03-30,-121.4,51.5,2019,3,Spring,1127.0,0.009
2019-03-30,-115.5,49.5,2019,3,Spring,856.0,2.0
2019-04-02,-121.9,55.6,2019,4,Spring,1113.0,0.6000000000000001
2019-04-02,-121.5,50.0,2019,4,Spring,270.0,3.3000000000000003
2019-04-07,-124.0,54.1,2019,4,Spring,678.0,0.009
2019-04-09,-123.5,48.6,2019,4,Spring,340.0,0.0269999999999999
2019-04-09,-121.4,49.7,2019,4,Spring,630.0,0.0269999999999999
2019-04-12,-122.5,53.0,2019,4,Spring,494.0,6.027
2019-04-13,-120.5,55.9,2019,4,Spring,696.0,0.009
2019-04-17,-131.2,57.9,2019,4,Spring,382.0,0.009
2019-04-20,-126.6,52.4,2019,4,Spring,50.0,11.0
2019-04-20,-120.8,50.1,2019,4,Spring,603.0,18.0
2019-04-21,-119.5,49.9,2019,4,Spring,347.0,0.018
2019-04-22,-119.5,49.9,2019,4,Spring,347.0,0.009
2019-04-24,-124.0,54.0,2019,4,Spring,638.0,1.5
2019-04-25,-123.1,53.8,2019,4,Spring,715.0,0.3
2019-04-25,-120.7,56.1,2019,4,Spring,686.0,5.699999999999999
2019-04-26,-121.5,50.0,2019,4,Spring,270.0,6.8999999999999995
2019-04-27,-120.5,55.9,2019,4,Spring,696.0,18.0
2019-04-27,-119.3,52.9,2019,4,Spring,792.5,2.01
2019-04-30,-123.9,49.5,2019,4,Spring,6.1,7.5
2019-04-30,-120.9,56.2,2019,4,Spring,725.9651823619955,0.2
2019-05-02,-133.7,59.6,2019,5,Spring,673.6,0.009
2019-05-03,-125.5,49.0,2019,5,Spring,30.0,0.3
2019-05-04,-126.6,52.4,2019,5,Spring,50.0,5.5
2019-05-05,-115.2,49.3,2019,5,Spring,775.0,0.009
2019-05-06,-119.7,49.8,2019,5,Spring,345.0,0.009
2019-05-07,-118.2,51.1,2019,5,Spring,680.0,0.009
2019-05-08,-123.0,54.0,2019,5,Spring,743.0,0.6000000000000001
2019-05-08,-122.2,52.1,2019,5,Spring,631.0,0.009
2019-05-08,-121.5,50.0,2019,5,Spring,270.0,0.0
2019-05-09,-123.7,48.9,2019,5,Spring,48.5,0.0269999999999999
2019-05-11,-123.0,54.0,2019,5,Spring,743.0,0.6000000000000001
2019-05-11,-121.4,49.4,2019,5,Spring,236.0,0.0
2019-05-12,-121.6,49.2,2019,5,Spring,1020.5,0.0
2019-05-12,-121.6,49.7,2019,5,Spring,1365.0,0.0269999999999999
2019-05-14,-128.6,54.5,2019,5,Spring,69.6,0.009
2019-05-14,-121.7,52.5,2019,5,Spring,1081.0,0.009
2019-05-14,-120.8,55.8,2019,5,Spring,760.0,0.6000000000000001
2019-05-16,-120.5,50.7,2019,5,Spring,780.0,0.009
2019-05-17,-121.2,51.7,2019,5,Spring,928.0,0.009
2019-05-17,-117.4,49.5,2019,5,Spring,779.0,0.009
2019-05-18,-120.2,50.6,2019,5,Spring,640.0,0.009
2019-05-20,-121.6,49.2,2019,5,Spring,1020.5,0.0
2019-05-20,-115.8,50.0,2019,5,Spring,870.0,0.04
2019-05-20,-115.5,49.5,2019,5,Spring,856.0,0.3
2019-05-22,-124.3,54.4,2019,5,Spring,750.0,0.0269999999999999
2019-05-23,-125.9,53.9,2019,5,Spring,944.0,0.0
2019-05-23,-125.3,50.0,2019,5,Spring,66.55,10.5
2019-05-23,-119.5,49.9,2019,5,Spring,347.0,0.0269999999999999
2019-05-23,-119.3,50.2,2019,5,Spring,570.0,0.009
2019-05-24,-115.8,49.3,2019,5,Spring,975.0,0.009
2019-05-24,-115.8,50.0,2019,5,Spring,870.0,0.02
2019-05-25,-121.4,49.4,2019,5,Spring,236.0,0.0
2019-05-25,-116.1,50.6,2019,5,Spring,899.2,0.009
2019-05-26,-120.5,55.9,2019,5,Spring,696.0,1.5
2019-05-27,-122.0,55.6,2019,5,Spring,610.0,0.6000000000000001
2019-05-29,-128.6,54.5,2019,5,Spring,69.6,0.009
2019-05-29,-118.1,51.0,2019,5,Spring,500.0,0.009
2019-05-30,-120.8,50.9,2019,5,Spring,1162.0,0.18
2019-05-31,-120.6,50.6,2019,5,Spring,1829.0,0.0269999999999999
2019-06-01,-125.4,54.2,2019,6,Summer,679.0,0.0
2019-06-01,-116.1,50.5,2019,6,Summer,894.0,0.024
2019-06-02,-126.4,54.0,2019,6,Summer,1259.0,7.199999999999999
2019-06-02,-121.6,49.2,2019,6,Summer,1400.0,0.0
2019-06-02,-116.3,50.4,2019,6,Summer,2380.0,0.009
2019-06-05,-124.2,48.6,2019,6,Summer,296.0,0.0
2019-06-05,-123.8,48.6,2019,6,Summer,618.0,0.2
2019-06-06,-123.8,48.6,2019,6,Summer,618.0,0.1
2019-06-06,-122.6,53.4,2019,6,Summer,615.0,0.0
2019-06-06,-122.5,53.0,2019,6,Summer,494.0,0.009
2019-06-08,-117.8,49.3,2019,6,Summer,435.0,0.14
2019-06-08,-117.0,51.3,2019,6,Summer,778.95,0.009
2019-06-10,-121.6,49.2,2019,6,Summer,1400.0,0.0269999999999999
2019-06-10,-116.9,51.3,2019,6,Summer,1642.0,0.009
2019-06-11,-125.1,49.6,2019,6,Summer,970.0,0.0
2019-06-11,-124.0,54.0,2019,6,Summer,638.0,0.009
2019-06-12,-123.5,49.4,2019,6,Summer,34.0,0.0
2019-06-12,-121.4,51.9,2019,6,Summer,1161.0,0.018
2019-06-13,-120.5,55.9,2019,6,Summer,696.0,0.0269999999999999
2019-06-13,-119.4,51.3,2019,6,Summer,884.0,0.018
2019-06-13,-118.2,51.1,2019,6,Summer,680.0,0.3
2019-06-13,-117.9,49.2,2019,6,Summer,1600.0,0.003
2019-06-13,-117.7,49.2,2019,6,Summer,527.0,0.42
2019-06-13,-117.7,49.3,2019,6,Summer,449.0,0.036
2019-06-14,-122.9,54.9,2019,6,Summer,710.0,5.4
2019-06-14,-121.5,50.1,2019,6,Summer,350.0,0.0
2019-06-14,-119.4,51.3,2019,6,Summer,884.0,0.009
2019-06-14,-117.8,49.3,2019,6,Summer,435.0,0.07
2019-06-14,-117.7,49.2,2019,6,Summer,527.0,0.2
2019-06-15,-123.1,53.8,2019,6,Summer,715.0,10.5
2019-06-15,-122.9,54.9,2019,6,Summer,710.0,2.7
2019-06-15,-120.2,50.6,2019,6,Summer,640.0,8.7
2019-06-15,-119.4,50.5,2019,6,Summer,419.0,0.009
2019-06-15,-117.2,49.6,2019,6,Summer,570.0,0.009
2019-06-15,-116.3,50.4,2019,6,Summer,2380.0,0.009
2019-06-16,-118.8,50.4,2019,6,Summer,488.0,0.018
2019-06-16,-117.5,51.7,2019,6,Summer,1000.0,0.018
2019-06-16,-116.1,51.0,2019,6,Summer,2090.0,0.009
2019-06-17,-124.7,49.4,2019,6,Summer,184.0,0.0269999999999999
2019-06-17,-122.6,58.8,2019,6,Summer,382.0,0.009
2019-06-17,-119.3,50.2,2019,6,Summer,570.0,0.009
2019-06-17,-118.8,50.4,2019,6,Summer,488.0,0.009
2019-06-18,-121.4,51.9,2019,6,Summer,1161.0,0.009
2019-06-18,-120.5,50.5,2019,6,Summer,1300.0,0.009
2019-06-18,-119.6,49.5,2019,6,Summer,427.0,18.027
2019-06-18,-119.6,49.9,2019,6,Summer,650.0,0.0269999999999999
2019-06-19,-123.5,49.5,2019,6,Summer,3.0,9.0
2019-06-19,-121.9,52.1,2019,6,Summer,945.0,0.0269999999999999
2019-06-19,-120.5,50.7,2019,6,Summer,780.0,0.0269999999999999
2019-06-19,-119.6,49.5,2019,6,Summer,427.0,9.0
2019-06-21,-119.5,50.2,2019,6,Summer,670.0,0.0269999999999999
2019-06-22,-128.7,54.0,2019,6,Summer,8.7,0.009
2019-06-23,-121.6,49.2,2019,6,Summer,1400.0,0.0
2019-06-24,-122.4,53.2,2019,6,Summer,855.0,0.0269999999999999
2019-06-25,-128.9,54.9,2019,6,Summer,208.5,3.0
2019-06-25,-123.1,50.1,2019,6,Summer,496.0,0.018
2019-06-25,-119.6,49.5,2019,6,Summer,427.0,0.0269999999999999
2019-06-25,-116.9,51.3,2019,6,Summer,1642.0,0.4499999999999999
2019-06-26,-128.9,54.9,2019,6,Summer,208.5,1.5
2019-06-26,-126.9,54.8,2019,6,Summer,855.0,0.0
2019-06-26,-123.1,50.1,2019,6,Summer,496.0,0.009
2019-06-26,-122.9,50.5,2019,6,Summer,1680.0,0.0269999999999999
2019-06-28,-123.0,50.1,2019,6,Summer,1029.2666666666669,0.0269999999999999
2019-06-29,-128.3,55.0,2019,6,Summer,274.0,0.3
2019-06-29,-127.2,54.8,2019,6,Summer,1085.5,0.0
2019-06-30,-116.9,50.3,2019,6,Summer,580.0,0.009
2019-06-30,-116.3,50.4,2019,6,Summer,2380.0,0.0269999999999999
2019-06-30,-115.3,50.2,2019,6,Summer,1357.0,0.009
2019-07-01,-116.9,50.3,2019,7,Summer,580.0,0.009
2019-07-01,-116.1,50.5,2019,7,Summer,894.0,0.009
2019-07-01,-115.3,50.2,2019,7,Summer,1357.0,0.009
2019-07-02,-123.6,48.5,2019,7,Summer,546.0,0.0269999999999999
2019-07-02,-118.4,49.0,2019,7,Summer,575.0,0.018
2019-07-03,-118.4,49.0,2019,7,Summer,575.0,0.009
2019-07-04,-128.5,54.3,2019,7,Summer,220.0,0.018
2019-07-06,-128.5,54.3,2019,7,Summer,220.0,0.009
2019-07-07,-117.7,49.2,2019,7,Summer,468.5,0.01
2019-07-10,-119.9,51.3,2019,7,Summer,671.0,0.009
2019-07-13,-123.1,50.1,2019,7,Summer,688.0,0.018
2019-07-14,-123.1,50.1,2019,7,Summer,688.0,0.009
2019-07-14,-123.0,54.0,2019,7,Summer,743.0,0.0269999999999999
2019-07-14,-118.6,50.4,2019,7,Summer,1890.0,0.009
2019-07-15,-117.4,51.5,2019,7,Summer,1053.0,0.009
2019-07-16,-119.5,49.2,2019,7,Summer,297.2,1.86
2019-07-18,-121.4,49.7,2019,7,Summer,630.0,0.8999999999999999
2019-07-18,-115.6,49.6,2019,7,Summer,770.0,0.009
2019-07-21,-121.9,49.7,2019,7,Summer,561.0,0.0
2019-07-21,-119.3,50.2,2019,7,Summer,570.0,0.009
2019-07-21,-119.3,50.3,2019,7,Summer,385.0,0.009
2019-07-21,-117.4,50.0,2019,7,Summer,570.0,0.0269999999999999
2019-07-22,-119.4,49.1,2019,7,Summer,1097.0,0.0269999999999999
2019-07-23,-123.2,49.4,2019,7,Summer,1320.0,0.0
2019-07-23,-118.4,49.0,2019,7,Summer,575.0,0.018
2019-07-23,-117.5,51.7,2019,7,Summer,1000.0,0.065
2019-07-24,-124.6,49.4,2019,7,Summer,61.3,0.0539999999999999
2019-07-24,-123.5,49.5,2019,7,Summer,3.0,0.0269999999999999
2019-07-24,-118.4,49.0,2019,7,Summer,575.0,0.009
2019-07-24,-117.8,51.8,2019,7,Summer,2438.0,0.0269999999999999
2019-07-24,-117.7,49.3,2019,7,Summer,449.0,0.03
2019-07-24,-116.7,49.4,2019,7,Summer,821.0,0.0269999999999999
2019-07-24,-115.6,49.5,2019,7,Summer,2262.0,0.3
2019-07-28,-122.9,50.8,2019,7,Summer,1603.3333333333333,0.009
2019-07-28,-119.2,52.7,2019,7,Summer,2210.0,0.0
2019-07-28,-115.3,50.2,2019,7,Summer,1357.0,0.009
2019-07-29,-117.5,51.7,2019,7,Summer,1000.0,0.009
2019-07-29,-115.6,49.6,2019,7,Summer,770.0,0.009
2019-07-30,-133.7,59.6,2019,7,Summer,701.3,0.009
2019-07-30,-120.5,49.4,2019,7,Summer,855.0,0.3
2019-07-30,-119.5,49.2,2019,7,Summer,297.2,0.0269999999999999
2019-08-01,-120.5,49.4,2019,8,Summer,855.0,0.0
2019-08-01,-119.7,50.5,2019,8,Summer,1100.0,0.0269999999999999
2019-08-01,-116.9,51.3,2019,8,Summer,1642.0,0.018
2019-08-02,-119.3,50.2,2019,8,Summer,570.0,0.009
2019-08-02,-116.9,51.3,2019,8,Summer,1642.0,0.009
2019-08-02,-116.3,50.5,2019,8,Summer,1130.0,0.009
2019-08-02,-115.3,50.2,2019,8,Summer,1357.0,0.009
2019-08-03,-121.9,50.7,2019,8,Summer,390.0,0.018
2019-08-03,-119.8,50.9,2019,8,Summer,1615.0,0.009
2019-08-03,-116.3,50.5,2019,8,Summer,1130.0,0.009
2019-08-03,-116.2,50.8,2019,8,Summer,930.0,0.009
2019-08-03,-116.1,50.5,2019,8,Summer,894.0,0.009
2019-08-03,-116.0,50.1,2019,8,Summer,1190.0,0.009
2019-08-03,-115.3,50.2,2019,8,Summer,1357.0,0.009
2019-08-04,-121.9,49.7,2019,8,Summer,561.0,0.0
2019-08-04,-121.6,49.1,2019,8,Summer,247.0,0.0
2019-08-04,-121.6,49.2,2019,8,Summer,1020.5,0.0
2019-08-04,-118.6,49.4,2019,8,Summer,1338.0,0.009
2019-08-04,-117.7,49.3,2019,8,Summer,449.0,0.009
2019-08-04,-116.0,50.1,2019,8,Summer,1190.0,0.009
2019-08-04,-114.9,50.1,2019,8,Summer,1647.0,0.009
2019-08-05,-126.6,50.2,2019,8,Summer,70.0,0.0
2019-08-05,-123.3,53.9,2019,8,Summer,858.0,0.0
2019-08-05,-121.6,49.1,2019,8,Summer,247.0,0.0
2019-08-05,-118.6,52.9,2019,8,Summer,1860.0,0.009
2019-08-05,-117.4,50.0,2019,8,Summer,570.0,0.009
2019-08-05,-115.3,50.2,2019,8,Summer,1357.0,0.009
2019-08-06,-121.6,49.2,2019,8,Summer,1020.5,0.018
2019-08-06,-119.4,50.5,2019,8,Summer,419.0,0.0269999999999999
2019-08-06,-117.5,51.7,2019,8,Summer,1000.0,0.028
2019-08-07,-121.6,49.2,2019,8,Summer,1020.5,0.009
2019-08-07,-115.7,49.9,2019,8,Summer,853.0,1.11
2019-08-08,-123.6,48.4,2019,8,Summer,436.0,1.7999999999999998
2019-08-09,-120.3,50.3,2019,8,Summer,1311.0,0.42
2019-08-09,-117.2,49.6,2019,8,Summer,570.0,0.009
2019-08-10,-123.0,50.1,2019,8,Summer,931.95,0.018
2019-08-10,-119.4,50.5,2019,8,Summer,419.0,0.009
2019-08-10,-117.7,49.3,2019,8,Summer,449.0,0.3
2019-08-10,-117.6,49.0,2019,8,Summer,418.0,0.018
2019-08-10,-117.4,49.1,2019,8,Summer,813.0,0.018
2019-08-10,-116.8,51.1,2019,8,Summer,1300.0,0.03
2019-08-10,-115.8,49.5,2019,8,Summer,941.0,0.009
2019-08-11,-123.0,50.1,2019,8,Summer,931.95,0.009
2019-08-11,-117.6,49.0,2019,8,Summer,418.0,0.009
2019-08-12,-122.6,54.4,2019,8,Summer,744.027,0.0269999999999999
2019-08-14,-118.2,51.0,2019,8,Summer,1442.0,0.0269999999999999
2019-08-14,-117.4,49.1,2019,8,Summer,813.0,0.009
2019-08-17,-123.1,55.3,2019,8,Summer,690.0,0.009
2019-08-17,-121.4,49.7,2019,8,Summer,630.0,0.03
2019-08-17,-119.7,49.8,2019,8,Summer,345.0,1.7999999999999998
2019-08-17,-116.9,50.3,2019,8,Summer,580.0,0.009
2019-08-18,-117.0,51.3,2019,8,Summer,778.95,0.009
2019-08-20,-125.5,54.2,2019,8,Summer,719.0,0.0
2019-08-21,-114.9,49.7,2019,8,Summer,1137.7,0.8999999999999999
2019-08-22,-119.3,50.2,2019,8,Summer,570.0,0.8999999999999999
2019-08-22,-117.9,50.4,2019,8,Summer,790.0,1.7999999999999998
2019-08-24,-115.3,50.2,2019,8,Summer,1357.0,0.009
2019-08-25,-122.7,50.9,2019,8,Summer,865.0,0.009
2019-08-25,-121.9,49.7,2019,8,Summer,561.0,0.0
2019-08-25,-115.3,50.2,2019,8,Summer,1357.0,0.009
2019-08-27,-119.7,49.8,2019,8,Summer,345.0,0.0269999999999999
2019-08-27,-118.2,51.0,2019,8,Summer,1442.0,0.009
2019-08-28,-115.8,49.9,2019,8,Summer,746.0,1.41
2019-08-30,-118.2,51.1,2019,8,Summer,680.0,0.02
2019-08-31,-119.1,49.5,2019,8,Summer,807.0,0.009
2019-08-31,-118.2,51.1,2019,8,Summer,680.0,0.01
2019-08-31,-115.6,49.6,2019,8,Summer,770.0,0.009
2019-09-01,-122.9,50.8,2019,9,Fall,1603.3333333333333,0.009
2019-09-01,-120.8,50.1,2019,9,Fall,606.0,0.009
2019-09-01,-116.9,50.3,2019,9,Fall,580.0,0.009
2019-09-01,-116.1,50.5,2019,9,Fall,894.0,0.009
2019-09-01,-115.4,49.5,2019,9,Fall,800.0,0.009
2019-09-02,-124.8,49.4,2019,9,Fall,456.0,0.0269999999999999
2019-09-02,-124.2,48.6,2019,9,Fall,296.0,0.0
2019-09-02,-121.6,49.2,2019,9,Fall,1020.5,0.0
2019-09-02,-116.1,50.5,2019,9,Fall,894.0,0.009
2019-09-03,-124.6,49.9,2019,9,Fall,85.0,0.018
2019-09-03,-121.9,50.7,2019,9,Fall,390.0,0.009
2019-09-03,-120.6,50.6,2019,9,Fall,1829.0,0.048
2019-09-03,-120.2,50.6,2019,9,Fall,640.0,0.018
2019-09-05,-124.6,49.9,2019,9,Fall,85.0,0.009
2019-09-05,-120.6,50.6,2019,9,Fall,1829.0,0.024
2019-09-07,-121.9,50.7,2019,9,Fall,390.0,0.0269999999999999
2019-09-07,-121.4,49.4,2019,9,Fall,236.0,0.018
2019-09-07,-120.3,50.3,2019,9,Fall,1311.0,0.0269999999999999
2019-09-07,-119.0,50.9,2019,9,Fall,1050.0,0.0269999999999999
2019-09-07,-116.2,50.7,2019,9,Fall,870.0,0.009
2019-09-07,-115.8,50.0,2019,9,Fall,870.0,0.009
2019-09-08,-116.9,49.9,2019,9,Fall,1019.0,0.0269999999999999
2019-09-10,-121.4,49.4,2019,9,Fall,236.0,0.009
2019-09-13,-117.8,51.2,2019,9,Fall,1875.0,0.009
2019-09-19,-121.9,50.7,2019,9,Fall,390.0,0.009
2019-09-22,-118.0,49.3,2019,9,Fall,1397.0,0.63
2019-09-23,-126.7,54.4,2019,9,Fall,610.0,0.2
2019-09-24,-119.6,49.6,2019,9,Fall,454.2,0.0269999999999999
2019-09-30,-121.4,56.2,2019,9,Fall,480.0,0.4
2019-10-01,-121.4,56.2,2019,10,Fall,480.0,0.2
2019-10-14,-124.6,48.9,2019,10,Fall,857.0,1.5
2019-11-01,-117.6,49.3,2019,11,Fall,495.0,0.009
2019-11-03,-121.5,49.4,2019,11,Fall,162.0,1.7999999999999998
2019-11-07,-119.4,49.1,2019,11,Fall,1097.0,160.0
2019-11-08,-121.6,49.7,2019,11,Fall,1365.0,37.8
2019-11-08,-119.4,49.1,2019,11,Fall,1097.0,80.0
2019-11-25,-115.8,50.0,2019,11,Fall,870.0,0.12
2020-03-20,-121.9,50.7,2020,3,Spring,390.0,2.4000000000000004
2020-03-28,-115.6,49.6,2020,3,Spring,770.0,0.0269999999999999
2020-03-29,-125.1,49.6,2020,3,Spring,415.0,0.003
2020-04-07,-119.6,49.5,2020,4,Spring,427.0,0.0269999999999999
2020-04-09,-125.1,49.6,2020,4,Spring,415.0,0.018
2020-04-10,-123.0,51.9,2020,4,Spring,1090.0,1.7999999999999998
2020-04-12,-123.3,52.1,2020,4,Spring,791.0,1.7999999999999998
2020-04-12,-123.0,51.9,2020,4,Spring,1090.0,0.3
2020-04-12,-121.7,50.4,2020,4,Spring,424.0,90.0
2020-04-13,-122.5,52.0,2020,4,Spring,884.0,12.0
2020-04-13,-117.0,50.2,2020,4,Spring,1097.0,0.8999999999999999
2020-04-15,-124.8,49.3,2020,4,Spring,21.0,0.0269999999999999
2020-04-15,-121.5,49.4,2020,4,Spring,162.0,0.3
2020-04-18,-123.6,48.6,2020,4,Spring,138.0,0.3
2020-04-19,-120.7,56.2,2020,4,Spring,480.0,0.6000000000000001
2020-04-21,-123.6,48.4,2020,4,Spring,436.0,1.29
2020-04-27,-125.1,49.6,2020,4,Spring,415.0,0.0269999999999999
2020-05-01,-122.9,50.8,2020,5,Spring,1603.3333333333333,0.018
2020-05-01,-121.9,55.6,2020,5,Spring,1113.0,1.5
2020-05-04,-125.8,54.3,2020,5,Spring,830.0,1.7999999999999998
2020-05-05,-115.6,49.5,2020,5,Spring,2262.0,0.0269999999999999
2020-05-08,-124.5,49.4,2020,5,Spring,30.0,0.3
2020-05-10,-128.7,54.0,2020,5,Spring,8.7,120.0
2020-05-12,-115.8,49.5,2020,5,Spring,941.0,0.06
2020-05-30,-121.4,51.5,2020,5,Spring,1127.0,0.0539999999999999
2020-06-09,-124.6,49.4,2020,6,Summer,61.3,0.0269999999999999
2020-06-09,-121.5,50.1,2020,6,Summer,350.0,0.27
2020-06-11,-120.6,49.5,2020,6,Summer,830.0,0.0269999999999999
2020-06-11,-119.7,50.5,2020,6,Summer,1100.0,0.0269999999999999
2020-06-13,-115.4,49.5,2020,6,Summer,800.0,0.0269999999999999
2020-06-27,-121.5,50.1,2020,6,Summer,350.0,5.699999999999999
2020-06-28,-121.9,50.7,2020,6,Summer,390.0,0.0269999999999999
2020-06-29,-121.6,49.2,2020,6,Summer,1020.5,0.0269999999999999
2020-06-30,-121.7,50.4,2020,6,Summer,424.0,0.09
2020-07-03,-120.3,50.3,2020,7,Summer,1311.0,0.0269999999999999
2020-07-05,-116.1,50.5,2020,7,Summer,894.0,0.0269999999999999
2020-07-06,-120.5,49.4,2020,7,Summer,855.0,0.0269999999999999
2020-07-07,-124.6,49.4,2020,7,Summer,61.3,0.0269999999999999
2020-07-07,-123.6,48.5,2020,7,Summer,549.5,0.09
2020-07-12,-117.8,50.7,2020,7,Summer,1570.0,0.06
2020-07-22,-115.6,49.6,2020,7,Summer,770.0,0.12
2020-07-26,-122.5,50.5,2020,7,Summer,346.0,0.0269999999999999
2020-07-28,-123.7,48.6,2020,7,Summer,280.0,0.3
2020-07-30,-124.0,54.0,2020,7,Summer,638.0,0.0269999999999999
2020-07-30,-119.6,50.9,2020,7,Summer,366.0,0.0269999999999999
2020-07-31,-124.3,49.0,2020,7,Summer,1160.0,50.727
2020-07-31,-121.4,49.8,2020,7,Summer,280.0,0.0539999999999999
2020-07-31,-120.3,50.3,2020,7,Summer,1311.0,0.0269999999999999
2020-07-31,-119.8,50.9,2020,7,Summer,1615.0,0.0269999999999999
2020-07-31,-119.6,50.8,2020,7,Summer,640.0,2.49
2020-07-31,-119.1,50.4,2020,7,Summer,1726.0,0.0269999999999999
2020-07-31,-118.8,50.4,2020,7,Summer,488.0,0.3
2020-08-01,-123.1,49.8,2020,8,Summer,320.0,0.0269999999999999
2020-08-01,-118.3,51.5,2020,8,Summer,757.0,0.0269999999999999
2020-08-01,-117.5,50.6,2020,8,Summer,991.0,0.006
2020-08-01,-117.0,51.3,2020,8,Summer,784.9,0.0269999999999999
2020-08-01,-114.9,49.8,2020,8,Summer,1172.0,0.03
2020-08-02,-119.6,49.9,2020,8,Summer,650.0,9.0
2020-08-03,-119.0,50.9,2020,8,Summer,1050.0,4.5
2020-08-03,-116.1,50.5,2020,8,Summer,894.0,0.0269999999999999
2020-08-04,-123.1,49.8,2020,8,Summer,320.0,0.0269999999999999
2020-08-04,-119.7,49.8,2020,8,Summer,345.0,0.72
2020-08-04,-115.7,49.9,2020,8,Summer,853.0,0.8999999999999999
2020-08-06,-119.6,49.5,2020,8,Summer,427.0,3.0
2020-08-09,-121.9,50.7,2020,8,Summer,390.0,2.25
2020-08-11,-121.6,49.2,2020,8,Summer,1020.5,0.0269999999999999
2020-08-14,-124.0,49.6,2020,8,Summer,64.0,0.0269999999999999
2020-08-15,-119.7,49.3,2020,8,Summer,780.0,0.0269999999999999
2020-08-16,-123.9,48.5,2020,8,Summer,419.0,0.0269999999999999
2020-08-16,-123.9,49.0,2020,8,Summer,100.0,0.06
2020-08-16,-123.8,48.5,2020,8,Summer,512.0699999999999,3.36
2020-08-16,-123.7,48.5,2020,8,Summer,180.0,18.0
2020-08-16,-123.7,48.6,2020,8,Summer,280.0,8.1
2020-08-16,-121.7,50.4,2020,8,Summer,424.0,30.0
2020-08-16,-118.9,49.1,2020,8,Summer,609.0,0.0269999999999999
2020-08-16,-117.6,49.3,2020,8,Summer,495.0,1.95
2020-08-17,-123.1,50.1,2020,8,Summer,688.0,0.0539999999999999
2020-08-17,-119.1,49.5,2020,8,Summer,807.0,72.0
2020-08-17,-118.9,49.1,2020,8,Summer,609.0,1.2
2020-08-17,-118.4,50.6,2020,8,Summer,1225.0,0.3
2020-08-17,-117.8,49.3,2020,8,Summer,435.0,0.03
2020-08-17,-117.7,49.2,2020,8,Summer,410.0,1.5
2020-08-17,-117.5,50.6,2020,8,Summer,991.0,0.0269999999999999
2020-08-17,-117.4,49.5,2020,8,Summer,779.0,0.0269999999999999
2020-08-17,-117.2,49.6,2020,8,Summer,570.0,0.0269999999999999
2020-08-17,-117.1,49.7,2020,8,Summer,2104.0,0.12
2020-08-17,-116.8,51.3,2020,8,Summer,1140.0,0.4499999999999999
2020-08-17,-116.2,50.7,2020,8,Summer,870.0,0.24
2020-08-19,-115.8,49.7,2020,8,Summer,996.0,1.2000000000000002
2020-08-19,-115.2,49.3,2020,8,Summer,775.0,0.0269999999999999
2020-08-22,-116.9,49.7,2020,8,Summer,577.5,0.045
2020-08-24,-116.3,50.5,2020,8,Summer,1130.0,0.0269999999999999
2020-08-26,-120.3,50.3,2020,8,Summer,1311.0,0.0269999999999999
2020-08-28,-120.3,50.3,2020,8,Summer,1311.0,11.7
2020-08-28,-116.3,50.5,2020,8,Summer,1130.0,3.9
2020-08-30,-120.5,50.7,2020,8,Summer,780.0,0.0269999999999999
2020-09-05,-121.4,49.7,2020,9,Fall,630.0,0.0269999999999999
2020-09-05,-119.2,50.7,2020,9,Fall,709.5,0.8999999999999999
2020-09-07,-119.3,50.2,2020,9,Fall,570.0,81.0
2020-09-09,-122.9,49.3,2020,9,Fall,129.5,0.6000000000000001
2020-09-09,-122.7,55.5,2020,9,Fall,730.0,0.0269999999999999
2020-09-10,-123.6,48.6,2020,9,Fall,138.0,0.0269999999999999
2020-09-13,-121.6,49.1,2020,9,Fall,247.0,0.6000000000000001
2020-09-14,-120.5,49.5,2020,9,Fall,700.4,0.3
2020-09-19,-121.9,50.7,2020,9,Fall,390.0,0.0269999999999999
2020-09-26,-120.6,56.1,2020,9,Fall,750.0,0.6000000000000001
2020-11-02,-115.6,49.5,2020,11,Fall,2262.0,0.0269999999999999
2020-12-21,-126.6,50.2,2020,12,Winter,70.0,0.003
2021-03-23,-123.0,51.9,2021,3,Spring,1090.0,0.0269999999999999
2021-03-28,-116.1,50.5,2021,3,Spring,894.0,0.0269999999999999
2021-03-28,-115.8,49.3,2021,3,Spring,975.0,0.18
2021-04-01,-124.7,49.4,2021,4,Spring,184.0,1.08
2021-04-04,-123.3,52.1,2021,4,Spring,791.0,0.018
2021-04-04,-120.3,50.7,2021,4,Spring,381.0,1.58
2021-04-10,-117.0,51.3,2021,4,Spring,773.0,0.018
2021-04-11,-123.0,51.9,2021,4,Spring,1090.0,19.2
2021-04-14,-125.1,50.3,2021,4,Spring,132.0,0.2
2021-04-15,-122.1,49.1,2021,4,Spring,9.0,38.0
2021-04-16,-120.5,50.7,2021,4,Spring,780.0,3.36
2021-04-17,-120.8,50.1,2021,4,Spring,603.0,1.866
2021-04-17,-116.1,50.6,2021,4,Spring,1009.0,26.0
2021-04-18,-123.4,48.6,2021,4,Spring,51.85,0.4
2021-04-18,-117.2,49.6,2021,4,Spring,570.0,0.14
2021-04-19,-126.0,49.6,2021,4,Spring,77.0,24.0
2021-04-20,-120.8,50.1,2021,4,Spring,603.0,4.0
2021-04-21,-125.2,50.1,2021,4,Spring,17.0,0.018
2021-04-21,-123.8,51.5,2021,4,Spring,1220.0,77.0
2021-04-21,-120.9,56.2,2021,4,Spring,823.0,12.0
2021-04-22,-120.7,56.2,2021,4,Spring,480.0,16.0
2021-04-26,-123.0,54.0,2021,4,Spring,743.0,0.018
2021-04-30,-120.3,50.7,2021,4,Spring,381.0,0.4
2021-05-07,-121.9,52.1,2021,5,Spring,945.0,0.018
2021-05-08,-121.9,55.6,2021,5,Spring,1113.0,40.0
2021-05-13,-126.6,50.2,2021,5,Spring,70.0,0.018
2021-05-14,-117.1,49.1,2021,5,Spring,2140.0,0.4
2021-05-14,-116.9,49.7,2021,5,Spring,610.0,0.06
2021-05-14,-116.9,49.9,2021,5,Spring,1019.0,0.018
2021-05-14,-116.9,50.3,2021,5,Spring,1100.0,12.8
2021-05-15,-117.8,49.3,2021,5,Spring,435.0,1.2
2021-05-15,-115.8,49.5,2021,5,Spring,941.0,0.2
2021-05-16,-124.0,49.6,2021,5,Spring,64.0,4.0
2021-05-18,-125.1,49.6,2021,5,Spring,415.0,0.018
2021-05-18,-119.6,49.6,2021,5,Spring,454.2,0.74
2021-05-20,-125.1,49.6,2021,5,Spring,415.0,0.2
2021-05-21,-124.7,49.4,2021,5,Spring,184.0,0.018
2021-05-22,-124.5,49.4,2021,5,Spring,30.0,0.018
2021-05-22,-123.3,52.1,2021,5,Spring,791.0,0.86
2021-05-22,-123.2,49.5,2021,5,Spring,65.0,0.4
2021-05-22,-119.1,50.8,2021,5,Spring,420.0,1.2
2021-05-23,-119.6,50.8,2021,5,Spring,640.0,2.8
2021-05-25,-119.9,49.9,2021,5,Spring,1270.0,0.018
2021-05-29,-120.3,49.4,2021,5,Spring,566.0,0.2
2021-05-29,-117.7,49.2,2021,5,Spring,468.5,10.6
2021-06-02,-121.4,51.5,2021,6,Summer,1127.0,0.018
2021-06-02,-119.3,50.2,2021,6,Summer,570.0,0.018
2021-06-03,-119.6,50.9,2021,6,Summer,366.0,0.018
2021-06-04,-115.8,49.5,2021,6,Summer,941.0,0.02
2021-06-13,-118.1,49.7,2021,6,Summer,1432.0,0.018
2021-06-15,-124.8,49.3,2021,6,Summer,21.0,0.018
2021-06-15,-115.8,49.7,2021,6,Summer,996.0,0.03
2021-06-16,-120.7,50.1,2021,6,Summer,640.0,18.0
2021-06-17,-119.6,50.9,2021,6,Summer,366.0,0.018
2021-06-18,-123.6,48.6,2021,6,Summer,138.0,0.018
2021-06-24,-121.4,49.4,2021,6,Summer,236.0,0.078
2021-06-24,-119.7,49.3,2021,6,Summer,780.0,94.0
2021-06-24,-119.6,49.5,2021,6,Summer,427.0,0.4
2021-06-26,-121.5,49.4,2021,6,Summer,162.0,0.018
2021-06-26,-117.7,49.1,2021,6,Summer,513.0,1.4
2021-06-26,-117.1,51.4,2021,6,Summer,829.5,0.03
2021-06-28,-125.1,49.6,2021,6,Summer,415.0,0.02
2021-06-28,-124.8,49.3,2021,6,Summer,21.0,4.0
2021-06-28,-120.7,50.1,2021,6,Summer,640.0,1.8
2021-06-28,-116.0,50.8,2021,6,Summer,1132.0,0.2
2021-06-29,-120.5,49.4,2021,6,Summer,855.0,1.0
2021-06-29,-119.0,50.0,2021,6,Summer,1780.0,123.4
2021-06-30,-127.1,50.3,2021,6,Summer,462.0,0.8
2021-06-30,-123.6,53.0,2021,6,Summer,910.0,1.1
2021-06-30,-122.6,55.4,2021,6,Summer,1400.0,0.018
2021-06-30,-122.0,55.6,2021,6,Summer,610.0,0.018
2021-06-30,-121.2,51.5,2021,6,Summer,1158.0,9.0
2021-06-30,-121.2,51.7,2021,6,Summer,928.0,0.002
2021-06-30,-119.1,50.8,2021,6,Summer,420.0,0.4
2021-06-30,-117.7,49.3,2021,6,Summer,449.0,40.0
2021-06-30,-117.4,50.0,2021,6,Summer,570.0,0.018
2021-07-01,-127.1,50.3,2021,7,Summer,462.0,0.02
2021-07-01,-124.6,49.4,2021,7,Summer,115.0,0.018
2021-07-01,-120.7,50.5,2021,7,Summer,1440.0,1.818
2021-07-01,-120.6,50.4,2021,7,Summer,1300.0,0.4
2021-07-01,-120.3,50.7,2021,7,Summer,381.0,10.018
2021-07-01,-119.7,50.5,2021,7,Summer,1100.0,0.418
2021-07-01,-119.6,49.9,2021,7,Summer,650.0,0.018
2021-07-01,-119.4,50.5,2021,7,Summer,419.0,0.8
2021-07-01,-118.6,51.7,2021,7,Summer,600.0,860.2
2021-07-01,-118.6,52.0,2021,7,Summer,565.0,44.0
2021-07-01,-118.4,50.1,2021,7,Summer,1223.0,84.0
2021-07-01,-117.2,50.0,2021,7,Summer,1783.3333333333333,0.08
2021-07-02,-124.7,49.4,2021,7,Summer,184.0,0.018
2021-07-02,-124.2,48.6,2021,7,Summer,296.0,0.6
2021-07-02,-122.9,55.1,2021,7,Summer,700.0,74.0
2021-07-02,-120.3,50.3,2021,7,Summer,1311.0,0.2
2021-07-02,-119.4,50.5,2021,7,Summer,419.0,0.018
2021-07-02,-118.4,50.1,2021,7,Summer,1223.0,0.24
2021-07-02,-118.1,49.7,2021,7,Summer,1432.0,1000.0
2021-07-02,-117.8,50.7,2021,7,Summer,1570.0,0.018
2021-07-02,-116.8,51.3,2021,7,Summer,1140.0,0.018
2021-07-03,-132.1,53.3,2021,7,Summer,100.0,3.8
2021-07-03,-118.5,50.4,2021,7,Summer,675.0,0.018
2021-07-03,-116.0,50.1,2021,7,Summer,1190.0,0.02
2021-07-04,-122.5,50.5,2021,7,Summer,346.0,0.46
2021-07-04,-118.2,51.1,2021,7,Summer,680.0,0.02
2021-07-04,-118.1,51.0,2021,7,Summer,500.0,0.018
2021-07-05,-128.5,54.3,2021,7,Summer,220.0,0.018
2021-07-05,-121.4,51.9,2021,7,Summer,1161.0,0.02
2021-07-05,-118.6,52.0,2021,7,Summer,565.0,0.06
2021-07-05,-117.7,49.3,2021,7,Summer,449.0,0.02
2021-07-06,-122.5,55.5,2021,7,Summer,757.0,0.018
2021-07-06,-119.6,50.8,2021,7,Summer,640.0,0.018
2021-07-07,-125.2,49.6,2021,7,Summer,150.0,0.08
2021-07-07,-121.4,50.8,2021,7,Summer,1128.0,0.018
2021-07-07,-119.3,50.2,2021,7,Summer,570.0,0.018
2021-07-07,-119.2,50.7,2021,7,Summer,709.5,0.018
2021-07-07,-117.7,49.2,2021,7,Summer,468.5,0.06
2021-07-07,-117.6,49.0,2021,7,Summer,1057.8333333333335,0.12
2021-07-07,-117.5,50.6,2021,7,Summer,991.0,160.0
2021-07-07,-117.1,49.1,2021,7,Summer,2140.0,4.0
2021-07-07,-115.7,49.9,2021,7,Summer,853.0,0.018
2021-07-08,-122.5,50.5,2021,7,Summer,346.0,0.8360000000000001
2021-07-08,-121.5,50.0,2021,7,Summer,270.0,10195.8
2021-07-08,-120.8,49.5,2021,7,Summer,1543.0,0.018
2021-07-08,-120.6,49.5,2021,7,Summer,830.0,1.2
2021-07-08,-120.5,49.5,2021,7,Summer,700.4,0.018
2021-07-08,-120.5,49.9,2021,7,Summer,1045.0,0.018
2021-07-08,-120.0,49.9,2021,7,Summer,1551.0,1742.0
2021-07-08,-119.4,51.3,2021,7,Summer,884.0,33068.0
2021-07-08,-119.2,52.5,2021,7,Summer,1859.0,0.018
2021-07-08,-115.8,49.3,2021,7,Summer,975.0,0.2
2021-07-08,-115.2,49.3,2021,7,Summer,775.0,1.6
2021-07-09,-126.6,50.2,2021,7,Summer,70.0,1.1
2021-07-09,-124.6,49.9,2021,7,Summer,85.0,0.018
2021-07-09,-120.8,50.0,2021,7,Summer,945.0,0.02
2021-07-09,-120.6,49.9,2021,7,Summer,1065.0,0.04
2021-07-09,-119.9,49.9,2021,7,Summer,1270.0,0.6
2021-07-09,-119.3,50.2,2021,7,Summer,570.0,86.0
2021-07-09,-118.8,50.9,2021,7,Summer,335.0,1.218
2021-07-10,-126.4,54.0,2021,7,Summer,1259.0,0.18
2021-07-10,-120.6,49.5,2021,7,Summer,830.0,0.036
2021-07-10,-120.4,51.7,2021,7,Summer,1158.0,790.0
2021-07-10,-119.3,52.8,2021,7,Summer,997.5,0.018
2021-07-10,-118.6,52.0,2021,7,Summer,565.0,0.04
2021-07-11,-121.7,51.4,2021,7,Summer,1070.0,0.18
2021-07-11,-119.4,50.5,2021,7,Summer,419.0,0.2
2021-07-11,-118.6,52.1,2021,7,Summer,574.55,1.218
2021-07-12,-125.1,49.4,2021,7,Summer,340.0,0.018
2021-07-13,-123.9,48.5,2021,7,Summer,419.0,0.018
2021-07-13,-123.9,49.5,2021,7,Summer,6.1,1.1
2021-07-13,-121.2,51.7,2021,7,Summer,928.0,1.732
2021-07-14,-118.4,50.9,2021,7,Summer,1165.0,1364.0
2021-07-16,-119.5,49.9,2021,7,Summer,350.0,0.6
2021-07-17,-118.1,52.0,2021,7,Summer,1200.0,36.0
2021-07-17,-116.1,50.6,2021,7,Summer,954.1,0.018
2021-07-18,-125.1,49.6,2021,7,Summer,415.0,0.018
2021-07-18,-123.6,53.0,2021,7,Summer,910.0,0.018
2021-07-18,-119.4,50.5,2021,7,Summer,419.0,0.2
2021-07-19,-118.6,50.0,2021,7,Summer,1341.0,0.06
2021-07-20,-121.7,54.2,2021,7,Summer,798.0,0.018
2021-07-21,-124.6,49.4,2021,7,Summer,115.0,0.018
2021-07-21,-121.4,49.4,2021,7,Summer,236.0,0.2
2021-07-21,-116.0,49.7,2021,7,Summer,1035.0,0.2
2021-07-22,-115.4,49.5,2021,7,Summer,800.0,0.04
2021-07-23,-120.4,51.2,2021,7,Summer,1315.0,0.02
2021-07-23,-117.9,50.4,2021,7,Summer,790.0,0.018
2021-07-23,-116.3,50.4,2021,7,Summer,2380.0,206.0
2021-07-26,-118.6,51.9,2021,7,Summer,1091.0,0.36
2021-07-27,-120.8,49.1,2021,7,Summer,1577.5,0.018
2021-07-28,-125.3,50.0,2021,7,Summer,66.55,0.018
2021-07-28,-120.8,50.1,2021,7,Summer,603.0,0.018
2021-07-29,-127.2,54.8,2021,7,Summer,1085.5,0.018
2021-07-30,-120.8,49.1,2021,7,Summer,1577.5,66.0
2021-08-01,-120.8,59.4,2021,8,Summer,598.0,158.0
2021-08-02,-133.7,59.6,2021,8,Summer,729.0,0.018
2021-08-02,-119.3,50.2,2021,8,Summer,570.0,1.0
2021-08-03,-123.0,54.0,2021,8,Summer,743.0,0.2
2021-08-03,-120.6,52.0,2021,8,Summer,1170.0,0.018
2021-08-03,-120.3,49.4,2021,8,Summer,566.0,0.2
2021-08-03,-118.9,51.4,2021,8,Summer,1551.0,10.0
2021-08-04,-124.5,53.4,2021,8,Summer,1123.675,1.0
2021-08-04,-120.3,49.4,2021,8,Summer,566.0,0.2
2021-08-04,-118.2,49.0,2021,8,Summer,510.0,0.018
2021-08-04,-117.0,49.1,2021,8,Summer,1917.0,0.018
2021-08-07,-121.4,50.8,2021,8,Summer,1128.0,0.018
2021-08-09,-125.3,52.5,2021,8,Summer,1096.0,0.018
2021-08-11,-115.5,49.5,2021,8,Summer,856.0,0.6
2021-08-13,-122.5,55.5,2021,8,Summer,757.0,5084.0
2021-08-14,-120.9,49.8,2021,8,Summer,1060.0,1000.0
2021-08-15,-123.1,53.8,2021,8,Summer,715.0,0.018
2021-08-15,-123.0,55.0,2021,8,Summer,675.0,0.018
2021-08-15,-119.7,49.8,2021,8,Summer,345.0,1952.0
2021-08-15,-119.2,52.4,2021,8,Summer,786.0,0.018
2021-08-15,-115.5,49.2,2021,8,Summer,1372.0,572.0
2021-08-16,-122.3,52.5,2021,8,Summer,1123.2,0.3
2021-08-16,-118.1,50.8,2021,8,Summer,592.9966280125819,0.6
2021-08-19,-123.9,49.0,2021,8,Summer,100.0,123.0
2021-08-24,-119.5,49.9,2021,8,Summer,350.0,5.34
2021-08-25,-124.8,49.3,2021,8,Summer,21.0,0.02
2021-09-03,-123.3,52.1,2021,9,Fall,791.0,0.218
2021-09-03,-122.4,49.1,2021,9,Fall,110.0,0.018
2021-09-04,-115.8,49.5,2021,9,Fall,941.0,0.12
2021-09-06,-119.6,49.5,2021,9,Fall,427.0,3.4179999999999997
2021-09-09,-119.6,49.5,2021,9,Fall,427.0,0.56
2021-09-16,-121.6,55.7,2021,9,Fall,609.6,1.0
2021-09-16,-119.6,49.5,2021,9,Fall,427.0,0.6
2021-09-16,-119.6,50.9,2021,9,Fall,366.0,0.156
2021-09-20,-119.6,49.9,2021,9,Fall,650.0,0.8
2021-09-22,-125.0,49.7,2021,9,Fall,33.5,0.018
2021-09-25,-117.7,49.3,2021,9,Fall,449.0,0.002
2021-09-28,-117.7,49.3,2021,9,Fall,449.0,0.2
2021-10-26,-123.6,53.5,2021,10,Fall,814.0,0.018
2021-11-03,-126.4,50.4,2021,11,Fall,510.0,2.018
2021-11-09,-122.5,53.0,2021,11,Fall,488.0,2.0
2022-04-02,-120.4,56.6,2022,4,Spring,700.0,0.419
2022-04-06,-122.4,52.9,2022,4,Spring,659.0,1.43
2022-04-09,-124.5,54.1,2022,4,Spring,800.0,2.0
2022-04-17,-122.5,52.0,2022,4,Spring,884.0,2.37
2022-04-22,-120.5,50.5,2022,4,Spring,1300.0,0.009
2022-05-05,-121.6,50.4,2022,5,Spring,1557.0,0.009
2022-06-10,-118.6,52.9,2022,6,Summer,1860.0,0.6
2022-06-11,-120.8,50.1,2022,6,Summer,603.0,0.4
2022-06-23,-125.3,52.5,2022,6,Summer,1096.0,0.009
2022-06-23,-120.8,50.1,2022,6,Summer,603.0,3.6
2022-06-28,-126.2,52.5,2022,6,Summer,1330.0,0.009
2022-06-28,-116.0,50.8,2022,6,Summer,1132.0,0.2
2022-06-29,-117.2,50.8,2022,6,Summer,1376.0,43.5
2022-07-04,-129.3,56.3,2022,7,Summer,450.0,0.809
2022-07-05,-130.3,57.0,2022,7,Summer,609.0,0.1
2022-07-06,-119.6,49.5,2022,7,Summer,427.0,0.022
2022-07-07,-119.3,52.1,2022,7,Summer,695.0,0.009
2022-07-08,-129.3,56.3,2022,7,Summer,450.0,0.009
2022-07-14,-121.4,49.8,2022,7,Summer,280.0,0.009
2022-07-15,-123.1,49.8,2022,7,Summer,320.0,0.009
2022-07-16,-118.5,51.5,2022,7,Summer,1740.0,0.04
2022-07-17,-120.5,50.5,2022,7,Summer,1300.0,0.06
2022-07-19,-119.5,49.9,2022,7,Summer,350.0,2.8
2022-07-20,-122.9,55.1,2022,7,Summer,700.0,0.009
2022-07-22,-117.8,49.5,2022,7,Summer,2423.0,1.85
2022-07-22,-117.0,50.6,2022,7,Summer,590.0,0.01
2022-07-24,-124.8,49.3,2022,7,Summer,21.0,0.001
2022-07-25,-119.6,49.5,2022,7,Summer,427.0,0.75
2022-07-26,-122.5,53.0,2022,7,Summer,488.0,0.009
2022-07-28,-122.5,53.0,2022,7,Summer,488.0,0.3
2022-07-28,-120.5,49.9,2022,7,Summer,1045.0,0.02
2022-07-28,-118.2,51.1,2022,7,Summer,680.0,0.02
2022-07-29,-119.4,51.3,2022,7,Summer,884.0,0.009
2022-07-29,-119.2,52.7,2022,7,Summer,2210.0,0.09
2022-07-29,-119.1,50.4,2022,7,Summer,1880.0,3.009
2022-07-29,-118.9,51.3,2022,7,Summer,549.0,0.08
2022-07-29,-118.2,51.1,2022,7,Summer,680.0,0.12
2022-07-29,-118.1,51.0,2022,7,Summer,500.0,0.009
2022-07-30,-125.3,52.5,2022,7,Summer,1096.0,0.009
2022-07-31,-119.6,50.8,2022,7,Summer,640.0,0.5
2022-08-01,-120.5,50.7,2022,8,Summer,780.0,4.57
2022-08-01,-120.1,51.1,2022,8,Summer,390.0,0.009
2022-08-01,-119.3,52.9,2022,8,Summer,788.0,0.009
2022-08-01,-119.1,51.5,2022,8,Summer,1372.0,0.1
2022-08-01,-118.6,51.9,2022,8,Summer,1091.0,0.009
2022-08-04,-121.9,52.1,2022,8,Summer,945.0,0.09
2022-08-04,-119.8,50.9,2022,8,Summer,1615.0,0.009
2022-08-04,-119.2,50.7,2022,8,Summer,709.5,0.009
2022-08-07,-121.4,49.4,2022,8,Summer,236.0,0.01
2022-08-08,-129.8,56.1,2022,8,Summer,2000.0,0.009
2022-08-09,-121.5,50.1,2022,8,Summer,350.0,0.4
2022-08-10,-125.3,49.2,2022,8,Summer,632.0,0.009
2022-08-10,-123.8,51.5,2022,8,Summer,1220.0,0.09
2022-08-10,-121.9,50.7,2022,8,Summer,390.0,0.009
2022-08-10,-119.3,52.2,2022,8,Summer,1280.0,0.009
2022-08-10,-118.9,51.3,2022,8,Summer,549.0,0.009
2022-08-11,-125.4,55.3,2022,8,Summer,600.0,0.009
2022-08-11,-123.6,53.0,2022,8,Summer,910.0,0.009
2022-08-11,-120.9,52.9,2022,8,Summer,1108.0,0.11
2022-08-11,-118.1,52.0,2022,8,Summer,1200.0,0.04
2022-08-11,-117.8,49.5,2022,8,Summer,2423.0,0.009
2022-08-11,-117.7,50.4,2022,8,Summer,1800.0,0.03
2022-08-11,-117.2,49.4,2022,8,Summer,1425.0,0.009
2022-08-11,-117.1,49.7,2022,8,Summer,2104.0,0.001
2022-08-12,-122.2,50.8,2022,8,Summer,1460.0,0.009
2022-08-12,-120.7,50.5,2022,8,Summer,1440.0,0.06
2022-08-12,-120.6,50.3,2022,8,Summer,1385.0,0.018
2022-08-12,-120.3,50.3,2022,8,Summer,1311.0,0.009
2022-08-12,-120.1,51.1,2022,8,Summer,390.0,0.1
2022-08-12,-119.3,52.2,2022,8,Summer,1280.0,0.009
2022-08-12,-118.4,50.9,2022,8,Summer,1165.0,0.009
2022-08-12,-117.2,49.4,2022,8,Summer,1425.0,0.009
2022-08-13,-126.4,50.3,2022,8,Summer,436.0,0.009
2022-08-13,-120.6,49.5,2022,8,Summer,830.0,0.118
2022-08-14,-125.7,49.7,2022,8,Summer,1490.0,248.0
2022-08-14,-116.7,49.4,2022,8,Summer,821.0,0.01
2022-08-15,-118.6,49.4,2022,8,Summer,1338.0,0.5
2022-08-17,-121.5,50.0,2022,8,Summer,270.0,0.009
2022-08-18,-118.1,51.0,2022,8,Summer,500.0,0.009
2022-08-19,-127.4,54.1,2022,8,Summer,815.0,0.009
2022-08-19,-125.7,49.7,2022,8,Summer,1490.0,350.0
2022-08-19,-124.1,48.8,2022,8,Summer,210.0,0.009
2022-08-19,-123.2,49.4,2022,8,Summer,1220.0,0.009
2022-08-19,-120.9,52.9,2022,8,Summer,1108.0,0.09
2022-08-19,-119.3,52.2,2022,8,Summer,1280.0,0.009
2022-08-19,-118.6,52.1,2022,8,Summer,570.0,0.01
2022-08-19,-118.4,51.0,2022,8,Summer,610.0,0.0269999999999999
2022-08-19,-118.1,51.0,2022,8,Summer,500.0,0.0539999999999999
2022-08-19,-118.0,50.8,2022,8,Summer,887.0,0.009
2022-08-19,-117.4,49.8,2022,8,Summer,1230.0,0.09
2022-08-20,-120.9,49.1,2022,8,Summer,1340.0,0.009
2022-08-20,-119.3,52.8,2022,8,Summer,997.5,0.009
2022-08-20,-118.6,49.4,2022,8,Summer,1338.0,0.001
2022-08-21,-121.9,52.1,2022,8,Summer,945.0,0.02
2022-08-21,-118.4,50.6,2022,8,Summer,1250.0,0.009
2022-08-21,-115.8,49.3,2022,8,Summer,975.0,0.009
2022-08-21,-115.7,50.5,2022,8,Summer,1100.0,0.179
2022-08-22,-125.5,54.2,2022,8,Summer,719.0,0.2
2022-08-22,-125.3,49.6,2022,8,Summer,280.0,0.01
2022-08-22,-123.1,49.8,2022,8,Summer,320.0,0.009
2022-08-22,-119.4,52.0,2022,8,Summer,1524.0,0.009
2022-08-22,-118.4,50.9,2022,8,Summer,1165.0,0.009
2022-08-22,-116.2,50.8,2022,8,Summer,930.0,0.009
2022-08-22,-114.9,49.9,2022,8,Summer,1246.0,2.58
2022-08-23,-121.5,49.4,2022,8,Summer,162.0,0.2
2022-08-23,-120.9,49.8,2022,8,Summer,1060.0,0.009
2022-08-23,-120.6,49.9,2022,8,Summer,1065.0,0.009
2022-08-23,-117.2,49.4,2022,8,Summer,1425.0,0.018
2022-08-24,-128.6,54.1,2022,8,Summer,94.0,0.009
2022-08-24,-123.5,48.4,2022,8,Summer,75.0,0.36
2022-08-24,-121.4,49.8,2022,8,Summer,280.0,0.2
2022-08-24,-120.9,49.7,2022,8,Summer,1524.0,0.015
2022-08-24,-118.4,49.0,2022,8,Summer,575.0,0.3
2022-08-24,-117.6,50.1,2022,8,Summer,780.0,0.009
2022-08-24,-116.8,50.6,2022,8,Summer,1580.0,0.3
2022-08-25,-128.6,54.5,2022,8,Summer,81.0,0.009
2022-08-25,-123.0,55.0,2022,8,Summer,675.0,0.7
2022-08-25,-122.5,50.5,2022,8,Summer,346.0,0.009
2022-08-25,-121.9,56.0,2022,8,Summer,527.0,0.009
2022-08-25,-117.1,49.1,2022,8,Summer,2140.0,0.009
2022-08-26,-117.0,49.1,2022,8,Summer,1917.0,0.02
2022-08-26,-115.8,49.9,2022,8,Summer,746.0,0.0289999999999999
2022-08-26,-115.8,50.0,2022,8,Summer,870.0,0.01
2022-08-28,-124.4,49.8,2022,8,Summer,100.0,0.05
2022-08-28,-119.6,49.6,2022,8,Summer,454.2,0.009
2022-08-30,-121.4,49.7,2022,8,Summer,630.0,0.009
2022-08-30,-120.8,49.1,2022,8,Summer,1577.5,74.0
2022-08-30,-120.8,50.0,2022,8,Summer,945.0,0.1
2022-08-31,-122.0,56.0,2022,8,Summer,704.0,2.4
2022-08-31,-120.9,49.1,2022,8,Summer,1340.0,0.005
2022-08-31,-119.1,50.8,2022,8,Summer,420.0,0.2
2022-08-31,-118.8,50.9,2022,8,Summer,335.0,0.32
2022-09-01,-116.9,50.3,2022,9,Fall,580.0,265.5
2022-09-02,-121.4,49.8,2022,9,Fall,280.0,0.03
2022-09-02,-120.6,49.5,2022,9,Fall,830.0,0.007
2022-09-03,-123.9,49.0,2022,9,Fall,100.0,0.009
2022-09-05,-119.2,49.3,2022,9,Fall,1520.0,0.1
2022-09-07,-126.4,54.0,2022,9,Fall,1259.0,0.009
2022-09-07,-125.1,49.6,2022,9,Fall,135.0,0.009
2022-09-08,-121.5,49.4,2022,9,Fall,162.0,845.0
2022-09-10,-124.8,49.4,2022,9,Fall,456.0,0.1
2022-09-10,-121.4,50.8,2022,9,Fall,1128.0,0.009
2022-09-13,-121.9,50.7,2022,9,Fall,390.0,0.009
2022-09-13,-119.3,50.2,2022,9,Fall,570.0,0.009
2022-09-14,-125.0,49.7,2022,9,Fall,27.0,0.009
2022-09-14,-121.4,49.8,2022,9,Fall,280.0,0.009
2022-09-14,-121.4,50.8,2022,9,Fall,1128.0,0.009
2022-09-14,-121.3,56.1,2022,9,Fall,600.0,3.67
2022-09-14,-119.3,52.2,2022,9,Fall,1280.0,0.009
2022-09-14,-118.5,49.1,2022,9,Fall,845.3529430086594,0.009
2022-09-14,-116.0,49.7,2022,9,Fall,1035.0,0.105
2022-09-17,-119.6,49.9,2022,9,Fall,650.0,0.01
2022-09-23,-123.2,49.4,2022,9,Fall,1220.0,0.1
2022-09-26,-117.0,49.1,2022,9,Fall,1917.0,0.5
2022-09-27,-117.9,51.9,2022,9,Fall,770.0,7.36
2022-09-29,-123.2,49.7,2022,9,Fall,6.0,0.009
2022-09-29,-121.4,49.7,2022,9,Fall,630.0,0.009
2022-09-30,-123.2,49.7,2022,9,Fall,6.0,0.009
2022-09-30,-117.1,50.4,2022,9,Fall,800.0,0.01
2022-10-01,-117.4,49.1,2022,10,Fall,813.0,0.21
2022-10-02,-123.1,49.8,2022,10,Fall,320.0,0.15
2022-10-02,-120.6,50.4,2022,10,Fall,1300.0,0.009
2022-10-03,-123.1,50.1,2022,10,Fall,688.0,0.009
2022-10-03,-120.8,50.1,2022,10,Fall,603.0,0.01
2022-10-03,-120.5,49.9,2022,10,Fall,1045.0,0.015
2022-10-05,-127.2,54.8,2022,10,Fall,1085.5,0.009
2022-10-06,-122.5,49.3,2022,10,Fall,125.0,0.1
2022-10-07,-121.5,50.0,2022,10,Fall,270.0,0.002
2022-10-08,-123.5,48.8,2022,10,Fall,34.0,0.009
2022-10-09,-125.0,49.7,2022,10,Fall,27.0,0.009
2022-10-10,-119.6,49.9,2022,10,Fall,650.0,2.049
2022-10-10,-118.9,51.3,2022,10,Fall,549.0,0.009
2022-10-11,-119.6,49.9,2022,10,Fall,650.0,2.2
2022-10-13,-124.8,49.3,2022,10,Fall,21.0,0.1
2022-10-14,-115.6,49.5,2022,10,Fall,2262.0,0.016
2022-10-15,-120.6,50.6,2022,10,Fall,1829.0,0.09
2022-10-16,-114.9,50.0,2022,10,Fall,889.864174024269,0.3
2022-10-19,-124.4,49.8,2022,10,Fall,100.0,0.009
2022-10-20,-124.6,48.9,2022,10,Fall,857.0,0.009
2022-10-20,-122.9,50.8,2022,10,Fall,1515.0,0.009
2022-10-23,-124.8,49.4,2022,10,Fall,456.0,0.009
2022-10-25,-119.5,49.9,2022,10,Fall,350.0,0.009
2022-10-31,-122.2,52.1,2022,10,Fall,631.0,0.019
2022-11-08,-124.3,49.0,2022,11,Fall,1160.0,0.03
2022-11-21,-121.5,50.0,2022,11,Fall,270.0,0.009
